[{"model": "admin.logentry", "pk": 1, "fields": {"action_time": "2023-02-26T11:09:22.055Z", "user": 1, "content_type": 7, "object_id": "1", "object_repr": "Dragonsnestgaming.com", "action_flag": 2, "change_message": "[{\"changed\": {\"fields\": [\"Domain name\", \"Display name\"]}}]"}}, {"model": "admin.logentry", "pk": 2, "fields": {"action_time": "2023-02-27T12:33:21.246Z", "user": 1, "content_type": 7, "object_id": "1", "object_repr": "www.dragonsnest.no", "action_flag": 2, "change_message": "[{\"changed\": {\"fields\": [\"Domain name\", \"Display name\"]}}]"}}, {"model": "admin.logentry", "pk": 3, "fields": {"action_time": "2023-02-27T12:40:08.490Z", "user": 1, "content_type": 4, "object_id": "1", "object_repr": "admin", "action_flag": 2, "change_message": "[{\"changed\": {\"fields\": [\"Email address\"]}}]"}}, {"model": "admin.logentry", "pk": 4, "fields": {"action_time": "2023-02-27T12:40:46.961Z", "user": 1, "content_type": 8, "object_id": "1", "object_repr": "gurra.naslund@gmail.com", "action_flag": 1, "change_message": "[{\"added\": {}}]"}}, {"model": "admin.logentry", "pk": 5, "fields": {"action_time": "2023-03-07T10:42:08.781Z", "user": 1, "content_type": 14, "object_id": "1", "object_repr": "new_arrival", "action_flag": 1, "change_message": "[{\"added\": {}}]"}}, {"model": "admin.logentry", "pk": 6, "fields": {"action_time": "2023-03-07T10:42:14.540Z", "user": 1, "content_type": 14, "object_id": "2", "object_repr": "deals", "action_flag": 1, "change_message": "[{\"added\": {}}]"}}, {"model": "admin.logentry", "pk": 7, "fields": {"action_time": "2023-03-07T10:43:27.582Z", "user": 1, "content_type": 13, "object_id": "1", "object_repr": "card_games", "action_flag": 1, "change_message": "[{\"added\": {}}]"}}, {"model": "admin.logentry", "pk": 8, "fields": {"action_time": "2023-03-07T10:44:53.303Z", "user": 1, "content_type": 13, "object_id": "2", "object_repr": "magic_the_gathering", "action_flag": 1, "change_message": "[{\"added\": {}}]"}}, {"model": "admin.logentry", "pk": 9, "fields": {"action_time": "2023-03-07T10:45:15.480Z", "user": 1, "content_type": 13, "object_id": "3", "object_repr": "pokemon", "action_flag": 1, "change_message": "[{\"added\": {}}]"}}, {"model": "admin.logentry", "pk": 10, "fields": {"action_time": "2023-03-07T10:47:25.640Z", "user": 1, "content_type": 13, "object_id": "4", "object_repr": "other_card", "action_flag": 1, "change_message": "[{\"added\": {}}]"}}, {"model": "admin.logentry", "pk": 11, "fields": {"action_time": "2023-03-07T11:20:43.024Z", "user": 1, "content_type": 13, "object_id": "5", "object_repr": "family_games", "action_flag": 1, "change_message": "[{\"added\": {}}]"}}, {"model": "admin.logentry", "pk": 12, "fields": {"action_time": "2023-03-07T11:21:18.781Z", "user": 1, "content_type": 13, "object_id": "6", "object_repr": "party_games", "action_flag": 1, "change_message": "[{\"added\": {}}]"}}, {"model": "admin.logentry", "pk": 13, "fields": {"action_time": "2023-03-07T11:21:38.902Z", "user": 1, "content_type": 13, "object_id": "7", "object_repr": "kids_games", "action_flag": 1, "change_message": "[{\"added\": {}}]"}}, {"model": "admin.logentry", "pk": 14, "fields": {"action_time": "2023-03-07T11:22:19.933Z", "user": 1, "content_type": 13, "object_id": "8", "object_repr": "solo_mode_games", "action_flag": 1, "change_message": "[{\"added\": {}}]"}}, {"model": "admin.logentry", "pk": 15, "fields": {"action_time": "2023-03-07T11:23:03.286Z", "user": 1, "content_type": 13, "object_id": "9", "object_repr": "co-op_games", "action_flag": 1, "change_message": "[{\"added\": {}}]"}}, {"model": "admin.logentry", "pk": 16, "fields": {"action_time": "2023-03-07T11:23:25.522Z", "user": 1, "content_type": 13, "object_id": "10", "object_repr": "warhammer_40k", "action_flag": 1, "change_message": "[{\"added\": {}}]"}}, {"model": "admin.logentry", "pk": 17, "fields": {"action_time": "2023-03-07T11:24:04.961Z", "user": 1, "content_type": 13, "object_id": "11", "object_repr": "warhammer_age_of_sigmar", "action_flag": 1, "change_message": "[{\"added\": {}}]"}}, {"model": "admin.logentry", "pk": 18, "fields": {"action_time": "2023-03-07T11:24:27.387Z", "user": 1, "content_type": 13, "object_id": "12", "object_repr": "apparel", "action_flag": 1, "change_message": "[{\"added\": {}}]"}}, {"model": "admin.logentry", "pk": 19, "fields": {"action_time": "2023-03-07T11:24:51.480Z", "user": 1, "content_type": 13, "object_id": "13", "object_repr": "other_merch", "action_flag": 1, "change_message": "[{\"added\": {}}]"}}, {"model": "admin.logentry", "pk": 20, "fields": {"action_time": "2023-03-07T11:25:07.981Z", "user": 1, "content_type": 13, "object_id": "14", "object_repr": "dice", "action_flag": 1, "change_message": "[{\"added\": {}}]"}}, {"model": "admin.logentry", "pk": 21, "fields": {"action_time": "2023-03-07T11:25:32.342Z", "user": 1, "content_type": 13, "object_id": "15", "object_repr": "paint:_and_brushes", "action_flag": 1, "change_message": "[{\"added\": {}}]"}}, {"model": "admin.logentry", "pk": 22, "fields": {"action_time": "2023-03-07T11:25:49.895Z", "user": 1, "content_type": 13, "object_id": "16", "object_repr": "sleeves", "action_flag": 1, "change_message": "[{\"added\": {}}]"}}, {"model": "admin.logentry", "pk": 23, "fields": {"action_time": "2023-03-07T11:26:13.979Z", "user": 1, "content_type": 13, "object_id": "17", "object_repr": "deckboxes_and_binders", "action_flag": 1, "change_message": "[{\"added\": {}}]"}}, {"model": "admin.logentry", "pk": 24, "fields": {"action_time": "2023-03-07T11:26:59.222Z", "user": 1, "content_type": 13, "object_id": "1", "object_repr": "card_games", "action_flag": 3, "change_message": ""}}, {"model": "admin.logentry", "pk": 25, "fields": {"action_time": "2023-03-07T11:39:48.963Z", "user": 1, "content_type": 15, "object_id": "1", "object_repr": "Magic The Gathering 2022 Arena Starter Kit", "action_flag": 1, "change_message": "[{\"added\": {}}]"}}, {"model": "admin.logentry", "pk": 26, "fields": {"action_time": "2023-03-07T11:41:07.275Z", "user": 1, "content_type": 15, "object_id": "2", "object_repr": "Magic The Gathering Dominaria Remastered Draft Booster", "action_flag": 1, "change_message": "[{\"added\": {}}]"}}, {"model": "admin.logentry", "pk": 27, "fields": {"action_time": "2023-03-07T11:42:38.639Z", "user": 1, "content_type": 15, "object_id": "3", "object_repr": "Magic The Gathering Kamigawa Neon Dynasty Set Booster Box", "action_flag": 1, "change_message": "[{\"added\": {}}]"}}, {"model": "admin.logentry", "pk": 28, "fields": {"action_time": "2023-03-07T11:44:48.578Z", "user": 1, "content_type": 15, "object_id": "4", "object_repr": "Magic The Gathering Phyrexia All Will Be One Draft Booster", "action_flag": 1, "change_message": "[{\"added\": {}}]"}}, {"model": "admin.logentry", "pk": 29, "fields": {"action_time": "2023-03-07T11:45:42.604Z", "user": 1, "content_type": 15, "object_id": "5", "object_repr": "Magic The Gathering: Phyrexia: All Will Be One Draft Booster Box", "action_flag": 1, "change_message": "[{\"added\": {}}]"}}, {"model": "admin.logentry", "pk": 30, "fields": {"action_time": "2023-03-07T11:48:57.318Z", "user": 1, "content_type": 15, "object_id": "6", "object_repr": "Pokemon Bundle Chest", "action_flag": 1, "change_message": "[{\"added\": {}}]"}}, {"model": "admin.logentry", "pk": 31, "fields": {"action_time": "2023-03-07T11:50:01.946Z", "user": 1, "content_type": 15, "object_id": "7", "object_repr": "Pokemon Pokémon GO Elite Trainer Box", "action_flag": 1, "change_message": "[{\"added\": {}}]"}}, {"model": "admin.logentry", "pk": 32, "fields": {"action_time": "2023-03-07T11:51:08.612Z", "user": 1, "content_type": 15, "object_id": "8", "object_repr": "Pokemon Sword & Shield Lost Origin 3-Pack Booster", "action_flag": 1, "change_message": "[{\"added\": {}}]"}}, {"model": "admin.logentry", "pk": 33, "fields": {"action_time": "2023-03-07T11:52:21.510Z", "user": 1, "content_type": 15, "object_id": "9", "object_repr": "Pokemon V Strikers Tin Empoleon V", "action_flag": 1, "change_message": "[{\"added\": {}}]"}}, {"model": "admin.logentry", "pk": 34, "fields": {"action_time": "2023-03-07T11:55:03.756Z", "user": 1, "content_type": 15, "object_id": "10", "object_repr": "Marvel Champions Most Wanted", "action_flag": 1, "change_message": "[{\"added\": {}}]"}}, {"model": "admin.logentry", "pk": 35, "fields": {"action_time": "2023-03-07T11:56:27.705Z", "user": 1, "content_type": 15, "object_id": "11", "object_repr": "A Game Of Thrones LCG core box", "action_flag": 1, "change_message": "[{\"added\": {}}]"}}, {"model": "admin.logentry", "pk": 36, "fields": {"action_time": "2023-03-07T11:58:42.327Z", "user": 1, "content_type": 15, "object_id": "12", "object_repr": "7 Wonders", "action_flag": 1, "change_message": "[{\"added\": {}}]"}}, {"model": "admin.logentry", "pk": 37, "fields": {"action_time": "2023-03-07T12:00:08.778Z", "user": 1, "content_type": 15, "object_id": "13", "object_repr": "Azul", "action_flag": 1, "change_message": "[{\"added\": {}}]"}}, {"model": "admin.logentry", "pk": 38, "fields": {"action_time": "2023-03-07T12:01:39.899Z", "user": 1, "content_type": 15, "object_id": "14", "object_repr": "Bang! Duel Renegades", "action_flag": 1, "change_message": "[{\"added\": {}}]"}}, {"model": "admin.logentry", "pk": 39, "fields": {"action_time": "2023-03-07T12:11:06.944Z", "user": 1, "content_type": 15, "object_id": "15", "object_repr": "Bezzerwizzer", "action_flag": 1, "change_message": "[{\"added\": {}}]"}}, {"model": "admin.logentry", "pk": 40, "fields": {"action_time": "2023-03-07T12:12:08.664Z", "user": 1, "content_type": 15, "object_id": "16", "object_repr": "Chess", "action_flag": 1, "change_message": "[{\"added\": {}}]"}}, {"model": "admin.logentry", "pk": 41, "fields": {"action_time": "2023-03-07T12:13:43.516Z", "user": 1, "content_type": 15, "object_id": "17", "object_repr": "Fairy Tile", "action_flag": 1, "change_message": "[{\"added\": {}}]"}}, {"model": "admin.logentry", "pk": 42, "fields": {"action_time": "2023-03-07T12:14:53.447Z", "user": 1, "content_type": 15, "object_id": "18", "object_repr": "Catan", "action_flag": 1, "change_message": "[{\"added\": {}}]"}}, {"model": "admin.logentry", "pk": 43, "fields": {"action_time": "2023-03-07T12:17:24.340Z", "user": 1, "content_type": 15, "object_id": "19", "object_repr": "Catan Junior", "action_flag": 1, "change_message": "[{\"added\": {}}]"}}, {"model": "admin.logentry", "pk": 44, "fields": {"action_time": "2023-03-07T12:20:36.969Z", "user": 1, "content_type": 15, "object_id": "20", "object_repr": "Candy Lab", "action_flag": 1, "change_message": "[{\"added\": {}}]"}}, {"model": "admin.logentry", "pk": 45, "fields": {"action_time": "2023-03-07T12:21:30.715Z", "user": 1, "content_type": 15, "object_id": "21", "object_repr": "Planet", "action_flag": 1, "change_message": "[{\"added\": {}}]"}}, {"model": "admin.logentry", "pk": 46, "fields": {"action_time": "2023-03-07T12:24:07.188Z", "user": 1, "content_type": 15, "object_id": "22", "object_repr": "Dix It", "action_flag": 1, "change_message": "[{\"added\": {}}]"}}, {"model": "admin.logentry", "pk": 47, "fields": {"action_time": "2023-03-07T12:25:58.883Z", "user": 1, "content_type": 15, "object_id": "23", "object_repr": "Dungeon Mayhem", "action_flag": 1, "change_message": "[{\"added\": {}}]"}}, {"model": "admin.logentry", "pk": 48, "fields": {"action_time": "2023-03-07T12:32:53.355Z", "user": 1, "content_type": 15, "object_id": "23", "object_repr": "Dungeon Mayhem", "action_flag": 2, "change_message": "[{\"changed\": {\"fields\": [\"Category2\"]}}]"}}, {"model": "admin.logentry", "pk": 49, "fields": {"action_time": "2023-03-07T12:33:42.629Z", "user": 1, "content_type": 15, "object_id": "18", "object_repr": "Catan", "action_flag": 2, "change_message": "[{\"changed\": {\"fields\": [\"Category2\"]}}]"}}, {"model": "admin.logentry", "pk": 50, "fields": {"action_time": "2023-03-07T12:36:03.784Z", "user": 1, "content_type": 15, "object_id": "24", "object_repr": "Exploding Kittens Party Pack Game", "action_flag": 1, "change_message": "[{\"added\": {}}]"}}, {"model": "admin.logentry", "pk": 51, "fields": {"action_time": "2023-03-07T12:38:35.235Z", "user": 1, "content_type": 15, "object_id": "25", "object_repr": "Fluxx 5.0", "action_flag": 1, "change_message": "[{\"added\": {}}]"}}, {"model": "admin.logentry", "pk": 52, "fields": {"action_time": "2023-03-07T12:40:22.739Z", "user": 1, "content_type": 15, "object_id": "26", "object_repr": "Exploding Minions", "action_flag": 1, "change_message": "[{\"added\": {}}]"}}, {"model": "admin.logentry", "pk": 53, "fields": {"action_time": "2023-03-07T12:44:14.735Z", "user": 1, "content_type": 15, "object_id": "27", "object_repr": "Ark Nova", "action_flag": 1, "change_message": "[{\"added\": {}}]"}}, {"model": "admin.logentry", "pk": 54, "fields": {"action_time": "2023-03-07T12:45:27.768Z", "user": 1, "content_type": 15, "object_id": "28", "object_repr": "Cooper Island", "action_flag": 1, "change_message": "[{\"added\": {}}]"}}, {"model": "admin.logentry", "pk": 55, "fields": {"action_time": "2023-03-07T12:46:47.661Z", "user": 1, "content_type": 15, "object_id": "29", "object_repr": "My Little Scythe", "action_flag": 1, "change_message": "[{\"added\": {}}]"}}, {"model": "admin.logentry", "pk": 56, "fields": {"action_time": "2023-03-07T12:48:51.436Z", "user": 1, "content_type": 15, "object_id": "30", "object_repr": "Harry Potter Hogwarts Battle: Defence Against The Dark Arts", "action_flag": 1, "change_message": "[{\"added\": {}}]"}}, {"model": "admin.logentry", "pk": 57, "fields": {"action_time": "2023-03-07T12:52:22.627Z", "user": 1, "content_type": 15, "object_id": "31", "object_repr": "Dune: House Secrets", "action_flag": 1, "change_message": "[{\"added\": {}}]"}}, {"model": "admin.logentry", "pk": 58, "fields": {"action_time": "2023-03-07T12:53:59.087Z", "user": 1, "content_type": 15, "object_id": "32", "object_repr": "Betrayal At Baldurs Gate", "action_flag": 1, "change_message": "[{\"added\": {}}]"}}, {"model": "admin.logentry", "pk": 59, "fields": {"action_time": "2023-03-07T12:54:57.395Z", "user": 1, "content_type": 15, "object_id": "33", "object_repr": "Betrayal At House On The Hill", "action_flag": 1, "change_message": "[{\"added\": {}}]"}}, {"model": "admin.logentry", "pk": 60, "fields": {"action_time": "2023-03-07T12:56:59.322Z", "user": 1, "content_type": 15, "object_id": "34", "object_repr": "Warhammer 40K Battleforce Thousand Sons - Court of The Crimson King", "action_flag": 1, "change_message": "[{\"added\": {}}]"}}, {"model": "admin.logentry", "pk": 61, "fields": {"action_time": "2023-03-07T12:58:23.982Z", "user": 1, "content_type": 15, "object_id": "35", "object_repr": "Warhammer 40K Codex Space Marines", "action_flag": 1, "change_message": "[{\"added\": {}}]"}}, {"model": "admin.logentry", "pk": 62, "fields": {"action_time": "2023-03-07T12:59:36.423Z", "user": 1, "content_type": 15, "object_id": "36", "object_repr": "Warhammer 40K Codex Thousand Sons", "action_flag": 1, "change_message": "[{\"added\": {}}]"}}, {"model": "admin.logentry", "pk": 63, "fields": {"action_time": "2023-03-07T14:18:14.113Z", "user": 1, "content_type": 15, "object_id": "37", "object_repr": "Warhammer 40K Combat Patrol Blood Angels", "action_flag": 1, "change_message": "[{\"added\": {}}]"}}, {"model": "admin.logentry", "pk": 64, "fields": {"action_time": "2023-03-07T14:19:33.494Z", "user": 1, "content_type": 15, "object_id": "38", "object_repr": "Warhammer 40K Command Edition Starter Set", "action_flag": 1, "change_message": "[{\"added\": {}}]"}}, {"model": "admin.logentry", "pk": 65, "fields": {"action_time": "2023-03-07T14:20:40.435Z", "user": 1, "content_type": 15, "object_id": "39", "object_repr": "Warhammer 40K Eldritch Omens", "action_flag": 1, "change_message": "[{\"added\": {}}]"}}, {"model": "admin.logentry", "pk": 66, "fields": {"action_time": "2023-03-07T14:22:57.523Z", "user": 1, "content_type": 15, "object_id": "40", "object_repr": "Warhammer Age of Sigmar Maggotkin of Nurgle - Plaguebearers", "action_flag": 1, "change_message": "[{\"added\": {}}]"}}, {"model": "admin.logentry", "pk": 67, "fields": {"action_time": "2023-03-07T14:24:14.589Z", "user": 1, "content_type": 15, "object_id": "41", "object_repr": "Warhammer Age ofSigmar Soulblight Gravelords - Blood Knights", "action_flag": 1, "change_message": "[{\"added\": {}}]"}}, {"model": "admin.logentry", "pk": 68, "fields": {"action_time": "2023-03-07T14:25:10.480Z", "user": 1, "content_type": 15, "object_id": "42", "object_repr": "Warhammer Age of Sigmar Dominion", "action_flag": 1, "change_message": "[{\"added\": {}}]"}}, {"model": "admin.logentry", "pk": 69, "fields": {"action_time": "2023-03-07T14:26:29.639Z", "user": 1, "content_type": 15, "object_id": "43", "object_repr": "Warhammer Age of Sigmar Lumineth Realm-Lords - Vanari Auralan Sentinels", "action_flag": 1, "change_message": "[{\"added\": {}}]"}}, {"model": "admin.logentry", "pk": 70, "fields": {"action_time": "2023-03-07T14:27:23.521Z", "user": 1, "content_type": 15, "object_id": "44", "object_repr": "Warhammer Age of Sigmar Vanguard Sylvaneth", "action_flag": 1, "change_message": "[{\"added\": {}}]"}}, {"model": "admin.logentry", "pk": 71, "fields": {"action_time": "2023-03-07T14:28:17.305Z", "user": 1, "content_type": 15, "object_id": "45", "object_repr": "Warhammer Age of Sigmar Warcry Core Book", "action_flag": 1, "change_message": "[{\"added\": {}}]"}}, {"model": "admin.logentry", "pk": 72, "fields": {"action_time": "2023-03-07T14:28:44.644Z", "user": 1, "content_type": 15, "object_id": "40", "object_repr": "Warhammer Age of Sigmar Maggotkin of Nurgle - Plaguebearers", "action_flag": 2, "change_message": "[{\"changed\": {\"fields\": [\"Category2\"]}}]"}}, {"model": "admin.logentry", "pk": 73, "fields": {"action_time": "2023-03-07T14:30:33.080Z", "user": 1, "content_type": 15, "object_id": "46", "object_repr": "Dungeons & Dragons Critical Hit Snapback", "action_flag": 1, "change_message": "[{\"added\": {}}]"}}, {"model": "admin.logentry", "pk": 74, "fields": {"action_time": "2023-03-07T14:31:49.749Z", "user": 1, "content_type": 15, "object_id": "47", "object_repr": "Fallout Vault Boys Charisma T-Shirt blue", "action_flag": 1, "change_message": "[{\"added\": {}}]"}}, {"model": "admin.logentry", "pk": 75, "fields": {"action_time": "2023-03-07T14:32:37.366Z", "user": 1, "content_type": 15, "object_id": "48", "object_repr": "Fortnite Hoodie black", "action_flag": 1, "change_message": "[{\"added\": {}}]"}}, {"model": "admin.logentry", "pk": 76, "fields": {"action_time": "2023-03-07T14:34:18.158Z", "user": 1, "content_type": 15, "object_id": "49", "object_repr": "Magic the Gathering Wizards Hoodie", "action_flag": 1, "change_message": "[{\"added\": {}}]"}}, {"model": "admin.logentry", "pk": 77, "fields": {"action_time": "2023-03-07T14:35:10.202Z", "user": 1, "content_type": 15, "object_id": "50", "object_repr": "Magic The Gathering Wizards Logo T-shirt", "action_flag": 1, "change_message": "[{\"added\": {}}]"}}, {"model": "admin.logentry", "pk": 78, "fields": {"action_time": "2023-03-07T14:35:43.807Z", "user": 1, "content_type": 15, "object_id": "51", "object_repr": "Pokemon Olympics Hero Snapback", "action_flag": 1, "change_message": "[{\"added\": {}}]"}}, {"model": "admin.logentry", "pk": 79, "fields": {"action_time": "2023-03-07T14:37:05.629Z", "user": 1, "content_type": 15, "object_id": "52", "object_repr": "Magic the Gathering Fire Mana Metal Keychain", "action_flag": 1, "change_message": "[{\"added\": {}}]"}}, {"model": "admin.logentry", "pk": 80, "fields": {"action_time": "2023-03-07T14:38:05.173Z", "user": 1, "content_type": 15, "object_id": "53", "object_repr": "Pokemon 3D Eevee Ceramic Mug", "action_flag": 1, "change_message": "[{\"added\": {}}]"}}, {"model": "admin.logentry", "pk": 81, "fields": {"action_time": "2023-03-07T14:39:22.475Z", "user": 1, "content_type": 15, "object_id": "54", "object_repr": "Pokemon Sleeping Eevee Plush", "action_flag": 1, "change_message": "[{\"added\": {}}]"}}, {"model": "admin.logentry", "pk": 82, "fields": {"action_time": "2023-03-07T14:40:13.343Z", "user": 1, "content_type": 15, "object_id": "55", "object_repr": "Star Wars The Mandalorian The Child Plush", "action_flag": 1, "change_message": "[{\"added\": {}}]"}}, {"model": "admin.logentry", "pk": 83, "fields": {"action_time": "2023-03-07T14:41:27.385Z", "user": 1, "content_type": 15, "object_id": "56", "object_repr": "Super Mario Bros Ceramic Mug", "action_flag": 1, "change_message": "[{\"added\": {}}]"}}, {"model": "admin.logentry", "pk": 84, "fields": {"action_time": "2023-03-07T14:48:10.234Z", "user": 1, "content_type": 15, "object_id": "57", "object_repr": "Dice Bag Large Blue", "action_flag": 1, "change_message": "[{\"added\": {}}]"}}, {"model": "admin.logentry", "pk": 85, "fields": {"action_time": "2023-03-07T14:49:30.743Z", "user": 1, "content_type": 15, "object_id": "58", "object_repr": "Dice Set D20 Spindown - Marble Selection", "action_flag": 1, "change_message": "[{\"added\": {}}]"}}, {"model": "admin.logentry", "pk": 86, "fields": {"action_time": "2023-03-07T14:50:27.090Z", "user": 1, "content_type": 15, "object_id": "59", "object_repr": "Healing Potion D4 (10pcs)", "action_flag": 1, "change_message": "[{\"added\": {}}]"}}, {"model": "admin.logentry", "pk": 87, "fields": {"action_time": "2023-03-07T14:51:23.329Z", "user": 1, "content_type": 15, "object_id": "60", "object_repr": "MDG - Velvet Dice Bag With Pockets Nebula", "action_flag": 1, "change_message": "[{\"added\": {}}]"}}, {"model": "admin.logentry", "pk": 88, "fields": {"action_time": "2023-03-07T14:52:38.850Z", "user": 1, "content_type": 15, "object_id": "61", "object_repr": "RPG-Set Glow In The Dark Biohazard", "action_flag": 1, "change_message": "[{\"added\": {}}]"}}, {"model": "admin.logentry", "pk": 89, "fields": {"action_time": "2023-03-07T14:53:34.296Z", "user": 1, "content_type": 15, "object_id": "62", "object_repr": "RPG-Set Marble Purple", "action_flag": 1, "change_message": "[{\"added\": {}}]"}}, {"model": "admin.logentry", "pk": 90, "fields": {"action_time": "2023-03-07T14:54:22.327Z", "user": 1, "content_type": 15, "object_id": "63", "object_repr": "RPG-Set Transclusent Red", "action_flag": 1, "change_message": "[{\"added\": {}}]"}}, {"model": "admin.logentry", "pk": 91, "fields": {"action_time": "2023-03-07T14:55:57.472Z", "user": 1, "content_type": 15, "object_id": "64", "object_repr": "Warhammer Citadel Apothecary White Contrast Paint", "action_flag": 1, "change_message": "[{\"added\": {}}]"}}, {"model": "admin.logentry", "pk": 92, "fields": {"action_time": "2023-03-07T14:56:45.948Z", "user": 1, "content_type": 15, "object_id": "65", "object_repr": "Warhammer Citadel Chaos Black Primer Spray Paint", "action_flag": 1, "change_message": "[{\"added\": {}}]"}}, {"model": "admin.logentry", "pk": 93, "fields": {"action_time": "2023-03-07T14:57:40.787Z", "user": 1, "content_type": 15, "object_id": "66", "object_repr": "Warhammer Citadel Gore-Grunta Fur Contrast Paint", "action_flag": 1, "change_message": "[{\"added\": {}}]"}}, {"model": "admin.logentry", "pk": 94, "fields": {"action_time": "2023-03-07T14:58:27.868Z", "user": 1, "content_type": 15, "object_id": "67", "object_repr": "Warhammer Citadel Gutrippa Flesh Contrast Paint", "action_flag": 1, "change_message": "[{\"added\": {}}]"}}, {"model": "admin.logentry", "pk": 95, "fields": {"action_time": "2023-03-07T14:59:10.272Z", "user": 1, "content_type": 15, "object_id": "68", "object_repr": "Warhammer Citadel Imperial Fist Contrast Pain", "action_flag": 1, "change_message": "[{\"added\": {}}]"}}, {"model": "admin.logentry", "pk": 96, "fields": {"action_time": "2023-03-07T15:00:12.261Z", "user": 1, "content_type": 15, "object_id": "69", "object_repr": "Warhammer Citadel M Layer Brush", "action_flag": 1, "change_message": "[{\"added\": {}}]"}}, {"model": "admin.logentry", "pk": 97, "fields": {"action_time": "2023-03-07T15:01:19.324Z", "user": 1, "content_type": 15, "object_id": "70", "object_repr": "Warhammer Citadel Mephiston Red Spray Paint", "action_flag": 1, "change_message": "[{\"added\": {}}]"}}, {"model": "admin.logentry", "pk": 98, "fields": {"action_time": "2023-03-07T15:02:34.611Z", "user": 1, "content_type": 15, "object_id": "71", "object_repr": "Warhammer Citadel Synthetic S Base Brush", "action_flag": 1, "change_message": "[{\"added\": {}}]"}}, {"model": "admin.logentry", "pk": 99, "fields": {"action_time": "2023-03-07T15:03:43.414Z", "user": 1, "content_type": 15, "object_id": "72", "object_repr": "Warhammer Citadel Synthetic S Layer Brush", "action_flag": 1, "change_message": "[{\"added\": {}}]"}}, {"model": "admin.logentry", "pk": 100, "fields": {"action_time": "2023-03-07T15:04:38.694Z", "user": 1, "content_type": 15, "object_id": "73", "object_repr": "Warhammer Citadel Ultramarine Blue Contrast Paint", "action_flag": 1, "change_message": "[{\"added\": {}}]"}}, {"model": "admin.logentry", "pk": 101, "fields": {"action_time": "2023-03-07T15:06:02.876Z", "user": 1, "content_type": 15, "object_id": "74", "object_repr": "Dragon Shield Standard Size - Brushed Art Starry Night 100pc", "action_flag": 1, "change_message": "[{\"added\": {}}]"}}, {"model": "admin.logentry", "pk": 102, "fields": {"action_time": "2023-03-07T15:07:29.898Z", "user": 1, "content_type": 15, "object_id": "75", "object_repr": "Dragon Shield Standard Size - Matte Black 100pc", "action_flag": 1, "change_message": "[{\"added\": {}}]"}}, {"model": "admin.logentry", "pk": 103, "fields": {"action_time": "2023-03-07T15:08:43.011Z", "user": 1, "content_type": 15, "object_id": "76", "object_repr": "Dragon Shield Standard Size - Matte Crimson 100pc", "action_flag": 1, "change_message": "[{\"added\": {}}]"}}, {"model": "admin.logentry", "pk": 104, "fields": {"action_time": "2023-03-07T15:09:52.689Z", "user": 1, "content_type": 15, "object_id": "77", "object_repr": "Dragon Shield Standard Size - Perfect-Fit Clear 100pc", "action_flag": 1, "change_message": "[{\"added\": {}}]"}}, {"model": "admin.logentry", "pk": 105, "fields": {"action_time": "2023-03-07T15:10:50.707Z", "user": 1, "content_type": 15, "object_id": "78", "object_repr": "Ultimate Guard Standard Size - Katana Black 100pc", "action_flag": 1, "change_message": "[{\"added\": {}}]"}}, {"model": "admin.logentry", "pk": 106, "fields": {"action_time": "2023-03-07T15:11:38.848Z", "user": 1, "content_type": 15, "object_id": "79", "object_repr": "Ultimate Guard Standard Size - Katana Green 100pc", "action_flag": 1, "change_message": "[{\"added\": {}}]"}}, {"model": "admin.logentry", "pk": 107, "fields": {"action_time": "2023-03-07T15:12:57.202Z", "user": 1, "content_type": 15, "object_id": "80", "object_repr": "9-Pocket Toploaded Pages Silver Series (100pcs)", "action_flag": 1, "change_message": "[{\"added\": {}}]"}}, {"model": "admin.logentry", "pk": 108, "fields": {"action_time": "2023-03-07T15:13:54.624Z", "user": 1, "content_type": 15, "object_id": "81", "object_repr": "9-Pocket Toploaded Pages Silver Series", "action_flag": 1, "change_message": "[{\"added\": {}}]"}}, {"model": "admin.logentry", "pk": 109, "fields": {"action_time": "2023-03-07T15:15:32.422Z", "user": 1, "content_type": 15, "object_id": "82", "object_repr": "Collector Album Black", "action_flag": 1, "change_message": "[{\"added\": {}}]"}}, {"model": "admin.logentry", "pk": 110, "fields": {"action_time": "2023-03-07T15:16:16.889Z", "user": 1, "content_type": 15, "object_id": "83", "object_repr": "Ultimate Guard 24-Pocket Portfolio Xenoskin Quadrow 480 Black", "action_flag": 1, "change_message": "[{\"added\": {}}]"}}, {"model": "admin.logentry", "pk": 111, "fields": {"action_time": "2023-03-07T15:19:25.524Z", "user": 1, "content_type": 15, "object_id": "84", "object_repr": "Ultimate Guard 18-Pocket Side-Loading Pages (50) Yellow", "action_flag": 1, "change_message": "[{\"added\": {}}]"}}, {"model": "admin.logentry", "pk": 112, "fields": {"action_time": "2023-03-07T15:21:52.117Z", "user": 1, "content_type": 15, "object_id": "85", "object_repr": "Ultimate Guard Boulder 100+ Deck Case Clear", "action_flag": 1, "change_message": "[{\"added\": {}}]"}}, {"model": "admin.logentry", "pk": 113, "fields": {"action_time": "2023-03-07T15:24:49.167Z", "user": 1, "content_type": 15, "object_id": "86", "object_repr": "Ultimate Guard Deck Case 100+ Black", "action_flag": 1, "change_message": "[{\"added\": {}}]"}}, {"model": "admin.logentry", "pk": 114, "fields": {"action_time": "2023-03-07T15:25:52.784Z", "user": 1, "content_type": 15, "object_id": "87", "object_repr": "Ultimate Guard Deck Case 100+ Purple", "action_flag": 1, "change_message": "[{\"added\": {}}]"}}, {"model": "admin.logentry", "pk": 115, "fields": {"action_time": "2023-03-07T15:52:21.166Z", "user": 1, "content_type": 15, "object_id": "19", "object_repr": "Catan Junior", "action_flag": 2, "change_message": "[{\"changed\": {\"fields\": [\"Category\"]}}]"}}, {"model": "admin.logentry", "pk": 116, "fields": {"action_time": "2023-03-07T15:52:39.149Z", "user": 1, "content_type": 15, "object_id": "45", "object_repr": "Warhammer Age of Sigmar Warcry Core Book", "action_flag": 2, "change_message": "[{\"changed\": {\"fields\": [\"Category\"]}}]"}}, {"model": "admin.logentry", "pk": 117, "fields": {"action_time": "2023-03-07T15:52:57.291Z", "user": 1, "content_type": 15, "object_id": "42", "object_repr": "Warhammer Age of Sigmar Dominion", "action_flag": 2, "change_message": "[{\"changed\": {\"fields\": [\"Category\"]}}]"}}, {"model": "admin.logentry", "pk": 118, "fields": {"action_time": "2023-03-07T15:53:30.049Z", "user": 1, "content_type": 15, "object_id": "21", "object_repr": "Planet", "action_flag": 2, "change_message": "[{\"changed\": {\"fields\": [\"Category\", \"Category2\", \"Category3\"]}}]"}}, {"model": "admin.logentry", "pk": 119, "fields": {"action_time": "2023-03-07T15:56:03.106Z", "user": 1, "content_type": 15, "object_id": "1", "object_repr": "Magic The Gathering 2022 Arena Starter Kit", "action_flag": 2, "change_message": "[{\"changed\": {\"fields\": [\"In stock\"]}}]"}}, {"model": "admin.logentry", "pk": 120, "fields": {"action_time": "2023-03-07T15:56:13.563Z", "user": 1, "content_type": 15, "object_id": "1", "object_repr": "Magic The Gathering 2022 Arena Starter Kit", "action_flag": 2, "change_message": "[{\"changed\": {\"fields\": [\"In stock\"]}}]"}}, {"model": "admin.logentry", "pk": 121, "fields": {"action_time": "2023-03-08T07:29:32.067Z", "user": 1, "content_type": 15, "object_id": "32", "object_repr": "Betrayal At Baldurs Gate", "action_flag": 2, "change_message": "[{\"changed\": {\"fields\": [\"Image\"]}}]"}}, {"model": "admin.logentry", "pk": 122, "fields": {"action_time": "2023-03-08T07:29:46.569Z", "user": 1, "content_type": 15, "object_id": "33", "object_repr": "Betrayal At House On The Hill", "action_flag": 2, "change_message": "[{\"changed\": {\"fields\": [\"Image\"]}}]"}}, {"model": "admin.logentry", "pk": 123, "fields": {"action_time": "2023-03-08T07:30:04.309Z", "user": 1, "content_type": 15, "object_id": "23", "object_repr": "Dungeon Mayhem", "action_flag": 2, "change_message": "[]"}}, {"model": "admin.logentry", "pk": 124, "fields": {"action_time": "2023-03-08T07:30:33.082Z", "user": 1, "content_type": 15, "object_id": "23", "object_repr": "Dungeon Mayhem", "action_flag": 2, "change_message": "[{\"changed\": {\"fields\": [\"Image\"]}}]"}}, {"model": "admin.logentry", "pk": 125, "fields": {"action_time": "2023-03-08T07:31:02.086Z", "user": 1, "content_type": 15, "object_id": "47", "object_repr": "Fallout Vault Boys Charisma T-Shirt blue", "action_flag": 2, "change_message": "[{\"changed\": {\"fields\": [\"Image\"]}}]"}}, {"model": "admin.logentry", "pk": 126, "fields": {"action_time": "2023-03-08T07:31:33.665Z", "user": 1, "content_type": 15, "object_id": "8", "object_repr": "Pokemon Sword & Shield Lost Origin 3-Pack Booster", "action_flag": 2, "change_message": "[{\"changed\": {\"fields\": [\"Image\"]}}]"}}, {"model": "admin.logentry", "pk": 127, "fields": {"action_time": "2023-03-08T07:32:05.144Z", "user": 1, "content_type": 15, "object_id": "61", "object_repr": "RPG-Set Glow In The Dark Biohazard", "action_flag": 2, "change_message": "[{\"changed\": {\"fields\": [\"Image\"]}}]"}}, {"model": "admin.logentry", "pk": 128, "fields": {"action_time": "2023-03-08T07:32:19.030Z", "user": 1, "content_type": 15, "object_id": "62", "object_repr": "RPG-Set Marble Purple", "action_flag": 2, "change_message": "[{\"changed\": {\"fields\": [\"Image\"]}}]"}}, {"model": "admin.logentry", "pk": 129, "fields": {"action_time": "2023-03-08T07:32:30.515Z", "user": 1, "content_type": 15, "object_id": "63", "object_repr": "RPG-Set Transclusent Red", "action_flag": 2, "change_message": "[{\"changed\": {\"fields\": [\"Image\"]}}]"}}, {"model": "admin.logentry", "pk": 130, "fields": {"action_time": "2023-03-08T07:32:53.106Z", "user": 1, "content_type": 15, "object_id": "45", "object_repr": "Warhammer Age of Sigmar Warcry Core Book", "action_flag": 2, "change_message": "[{\"changed\": {\"fields\": [\"Image\"]}}]"}}, {"model": "admin.logentry", "pk": 131, "fields": {"action_time": "2023-03-11T16:29:53.292Z", "user": 1, "content_type": 15, "object_id": "12", "object_repr": "7 Wonders", "action_flag": 2, "change_message": "[{\"changed\": {\"fields\": [\"Sub category\"]}}]"}}, {"model": "admin.logentry", "pk": 132, "fields": {"action_time": "2023-03-11T16:36:02.119Z", "user": 1, "content_type": 15, "object_id": "5", "object_repr": "Magic The Gathering: Phyrexia: All Will Be One Draft Booster Box", "action_flag": 2, "change_message": "[{\"changed\": {\"fields\": [\"Sub category\"]}}]"}}, {"model": "admin.logentry", "pk": 133, "fields": {"action_time": "2023-03-11T17:40:44.065Z", "user": 1, "content_type": 15, "object_id": "5", "object_repr": "Magic The Gathering: Phyrexia: All Will Be One Draft Booster Box", "action_flag": 2, "change_message": "[{\"changed\": {\"fields\": [\"Image\"]}}]"}}, {"model": "admin.logentry", "pk": 134, "fields": {"action_time": "2023-03-11T17:41:20.356Z", "user": 1, "content_type": 14, "object_id": "1", "object_repr": "New Arrival", "action_flag": 2, "change_message": "[{\"changed\": {\"fields\": [\"Name\", \"Friendly name\"]}}]"}}, {"model": "admin.logentry", "pk": 135, "fields": {"action_time": "2023-03-11T17:41:34.478Z", "user": 1, "content_type": 14, "object_id": "2", "object_repr": "Deals", "action_flag": 2, "change_message": "[{\"changed\": {\"fields\": [\"Name\", \"Friendly name\"]}}]"}}, {"model": "admin.logentry", "pk": 136, "fields": {"action_time": "2023-03-11T17:45:43.638Z", "user": 1, "content_type": 14, "object_id": "2", "object_repr": "deals", "action_flag": 2, "change_message": "[{\"changed\": {\"fields\": [\"Name\", \"Friendly name\"]}}]"}}, {"model": "admin.logentry", "pk": 137, "fields": {"action_time": "2023-03-11T17:46:08.455Z", "user": 1, "content_type": 14, "object_id": "1", "object_repr": "new_arrival", "action_flag": 2, "change_message": "[{\"changed\": {\"fields\": [\"Name\", \"Friendly name\"]}}]"}}, {"model": "admin.logentry", "pk": 138, "fields": {"action_time": "2023-03-12T07:49:51.593Z", "user": 1, "content_type": 15, "object_id": "2", "object_repr": "Magic The Gathering Dominaria Remastered Draft Booster", "action_flag": 2, "change_message": "[{\"changed\": {\"fields\": [\"Rating\"]}}]"}}, {"model": "admin.logentry", "pk": 139, "fields": {"action_time": "2023-03-12T07:50:06.334Z", "user": 1, "content_type": 15, "object_id": "3", "object_repr": "Magic The Gathering Kamigawa Neon Dynasty Set Booster Box", "action_flag": 2, "change_message": "[{\"changed\": {\"fields\": [\"Rating\"]}}]"}}, {"model": "admin.logentry", "pk": 140, "fields": {"action_time": "2023-03-12T07:50:22.493Z", "user": 1, "content_type": 15, "object_id": "1", "object_repr": "Magic The Gathering 2022 Arena Starter Kit", "action_flag": 2, "change_message": "[{\"changed\": {\"fields\": [\"Rating\"]}}]"}}, {"model": "admin.logentry", "pk": 141, "fields": {"action_time": "2023-03-12T07:58:13.259Z", "user": 1, "content_type": 15, "object_id": "5", "object_repr": "Magic The Gathering: Phyrexia: All Will Be One Draft Booster Box", "action_flag": 2, "change_message": "[{\"changed\": {\"fields\": [\"Image\"]}}]"}}, {"model": "admin.logentry", "pk": 142, "fields": {"action_time": "2023-03-15T08:50:01.512Z", "user": 1, "content_type": 16, "object_id": "5", "object_repr": "4A0A8A1CBE384734AB424700F5622710", "action_flag": 2, "change_message": "[{\"changed\": {\"name\": \"order line item\", \"object\": \"SKU mc2 on order 4A0A8A1CBE384734AB424700F5622710\", \"fields\": [\"Quantity\"]}}]"}}, {"model": "admin.logentry", "pk": 143, "fields": {"action_time": "2023-03-15T09:08:59.076Z", "user": 1, "content_type": 16, "object_id": "6", "object_repr": "17F70028C16E4AFF930E7B42AAC26FE6", "action_flag": 3, "change_message": ""}}, {"model": "admin.logentry", "pk": 144, "fields": {"action_time": "2023-03-15T09:09:11.952Z", "user": 1, "content_type": 16, "object_id": "1", "object_repr": "E2FD14C359734A91945D780FD2E2716E", "action_flag": 3, "change_message": ""}}, {"model": "admin.logentry", "pk": 145, "fields": {"action_time": "2023-03-15T09:09:22.733Z", "user": 1, "content_type": 16, "object_id": "2", "object_repr": "6E616227BD8D4E4DAD21A33D688E4474", "action_flag": 3, "change_message": ""}}, {"model": "admin.logentry", "pk": 146, "fields": {"action_time": "2023-03-15T09:09:31.985Z", "user": 1, "content_type": 16, "object_id": "3", "object_repr": "A0414580814C40C1AC90B6FCDDA7B76F", "action_flag": 3, "change_message": ""}}, {"model": "admin.logentry", "pk": 147, "fields": {"action_time": "2023-03-15T09:13:20.990Z", "user": 1, "content_type": 15, "object_id": "33", "object_repr": "Betrayal At House On The Hill", "action_flag": 2, "change_message": "[{\"changed\": {\"fields\": [\"Available\"]}}]"}}, {"model": "admin.logentry", "pk": 148, "fields": {"action_time": "2023-03-16T16:38:05.778Z", "user": 1, "content_type": 19, "object_id": "1", "object_repr": "Rating object (1)", "action_flag": 1, "change_message": "[{\"added\": {}}]"}}, {"model": "admin.logentry", "pk": 149, "fields": {"action_time": "2023-03-18T12:13:46.705Z", "user": 1, "content_type": 20, "object_id": "1", "object_repr": "Magic draft", "action_flag": 1, "change_message": "[{\"added\": {}}]"}}, {"model": "auth.user", "pk": 1, "fields": {"password": "pbkdf2_sha256$260000$3mN07mcobKG0nPYIbCiK6M$iC1ZGjbG/Y+NzcgWRN3FiOifXWc9NyO9AaKYiQLU/sY=", "last_login": "2023-03-19T16:03:57.306Z", "is_superuser": true, "username": "admin", "first_name": "", "last_name": "", "email": "gurra.naslund@gmail.com", "is_staff": true, "is_active": true, "date_joined": "2023-02-26T10:47:28Z", "groups": [], "user_permissions": []}}, {"model": "auth.user", "pk": 2, "fields": {"password": "pbkdf2_sha256$260000$jNND667H0VRQmSMtWzYZ81$mRk7HxVXk/oo+er24N54YRgPmiakJVK65uLeqtcvh1Y=", "last_login": "2023-03-16T17:00:37.514Z", "is_superuser": false, "username": "viggo", "first_name": "", "last_name": "", "email": "viggo.naslund@gmail.com", "is_staff": false, "is_active": true, "date_joined": "2023-03-15T13:34:33.354Z", "groups": [], "user_permissions": []}}, {"model": "sessions.session", "pk": "1bp3dovozssc2jm7wecu1xaif50rjlpm", "fields": {"session_data": ".eJxVjEEOwiAURO_C2pDCL1S6dO8ZyAd-LWrAQJtojHe3JF3oct6bmTezuC6zXSsVGwMbmWCHX-bQ3yg1Ea6YLpn7nJYSHW8VvtvKzznQ_bR3_w5mrPO2nhwqVB4cCUNOOy87hdOAvRFSKpBHvREA1Q9BickQIAotjQAihC2000q1xpwsPR-xvNjYfb6ZEz8e:1pda9K:BkzbyJ3ZOALsPCQVPh60KdHTb25b_wnhrHvJ3QSVANU", "expire_date": "2023-04-01T17:15:22.803Z"}}, {"model": "sessions.session", "pk": "23ypz7nbw7ef85b6efpo0dhgjaqsh3qf", "fields": {"session_data": ".eJyrVorPTS0uTkxPLVayUoqOjlGKj88qzs-DicYo6SgY6CiYAHGMkqdCSUZmXrZCZX6pQlp-UXp-iUJJvkJ5UWZJqkJiXiVIMl1HISQoUsHR3dHTTzFGKTZWqRYAd1Agfw:1pcYC7:eXwjnMOE6qRS7jr2T1u-SJbnd-fy5PpVerJjJw7-EbA", "expire_date": "2023-03-29T20:57:59.971Z"}}, {"model": "sessions.session", "pk": "5cj2tf2do02holnp54ckb7ggmci4qzmk", "fields": {"session_data": ".eJxVjMEOwiAQRP-FsyHCFioevfcbyC4sUjWQlPZk_Hdp0oMe582beQuP25r91njxcxRXocTplxGGJ5e9iA8s9ypDLesyk9wVebRNTjXy63a4fwcZW-7rRGjQBCBWjslS0GeDacTBKa0N6IvtBMAMYzQqOQZEZbVTwIzQg_h8AfEpN-E:1pZUlC:E8JkGwbq5qhdX0kLvZzfR4foEuSYOfVk_5TGxwJEh0s", "expire_date": "2023-03-21T10:41:34.843Z"}}, {"model": "sessions.session", "pk": "77vo48w3i8eq8znjbjfnd6oij51rg0j3", "fields": {"session_data": ".eJxVjEEOgyAURO_y18YIiIrL7nsG8oFvpW2gAU3aGO9eTFy0m0lm3sxsoHFdZr1mSto7GIFB9ZsZtA8KB3B3DLdY2xiW5E19VOqT5voaHT0vZ_fvYMY8l_VkUKK0whBTZDpjeSNx6rFVjHMp-NCVRAjZ9k6ySZFAZB1XTBChKOY4zZSzj0HT--XTB8amAotpgXGDYYCRVVBU7vsXQxtEoA:1pcm9d:1WTzp5hr8PyetU0IGlxB4sOdYD8iHyjtA2KEancb8rM", "expire_date": "2023-03-30T11:52:21.988Z"}}, {"model": "sessions.session", "pk": "78j2el2lxc9fk9cl6t7zsyr0vqccvl65", "fields": {"session_data": ".eJxVjMEOwiAQRP-FsyHCFioevfcbyC4sUjWQlPZk_Hdp0oMe582beQuP25r91njxcxRXocTplxGGJ5e9iA8s9ypDLesyk9wVebRNTjXy63a4fwcZW-7rRGjQBCBWjslS0GeDacTBKa0N6IvtBMAMYzQqOQZEZbVTwIzQg_h8AfEpN-E:1pWcoz:2BV4SKokSFO4oasbd1wu7-C7NA0LuDF12DJ9SYvKEpk", "expire_date": "2023-03-13T12:41:37.241Z"}}, {"model": "sessions.session", "pk": "8bojsn9btmuyhfme23ej8ihrz7wkr0ca", "fields": {"session_data": ".eJyrVorPTS0uTkxPLVayUoqOjlGKj88qzs-DicYo6SgY6CiYAHGMkqdCSUZmXrZCZX6pQlp-UXp-iUJJvkJ5UWZJqkJiXiVIMl1HISQoUsHR3dHTTzFGKTZWqRYAd1Agfw:1pcYC9:nV94t2wPRONI7WYpg1MzAEHoWBFeiXAQepe7TuD4hbw", "expire_date": "2023-03-29T20:58:01.962Z"}}, {"model": "sessions.session", "pk": "a943vef8r3nni7zs1fb0ovt259ia9cya", "fields": {"session_data": ".eJxVjMEOwiAQRP-FsyHCFioevfcbyC4sUjWQlPZk_Hdp0oMe582beQuP25r91njxcxRXocTplxGGJ5e9iA8s9ypDLesyk9wVebRNTjXy63a4fwcZW-7rRGjQBCBWjslS0GeDacTBKa0N6IvtBMAMYzQqOQZEZbVTwIzQg_h8AfEpN-E:1paHzf:k8GYXv-3I_n_r3VVBtRmUmDbQYNKASMCXz2Enfx-r_k", "expire_date": "2023-03-23T15:15:47.843Z"}}, {"model": "sessions.session", "pk": "hgyb3o9ksst7pf60h21616v8ghdgr2bg", "fields": {"session_data": ".eJxVjEEOgyAURO_y14YIiArL7nsG84FvpW2gAU3aGO9eTVy0y3lvZlYYcJmnYSmUh-DBAIfql1l0D4qH8HeMt8RcinMOlh0VdtrCrsnT83J2_w4mLNO-Hi0qVE5a4ppsa52oFY4dNpoLoaTo251IqZrOKz5qkoi8FZpLIpR7OE4LlRJSHOj9CvkDpq7AYZ7BrKB6MHzbvq2_Q4Y:1pcXqy:GW8PIgrAADWueHkag1_jRtsVFmBBd7KjWoq01BGsg0E", "expire_date": "2023-03-29T20:36:08.329Z"}}, {"model": "sessions.session", "pk": "oocif17jdcptoi2lz348w70rzpbgofbz", "fields": {"session_data": "e30:1pcPij:QDkErMQq08kY3XTVcd622eoPnU3i_zVH4PY75WEoXD4", "expire_date": "2023-03-29T11:55:05.835Z"}}, {"model": "sessions.session", "pk": "xfesymbkjl7h28igspmmpx5249wjsnhb", "fields": {"session_data": ".eJxVjkEOgyAURO_C2hAB0cKy-56BfOBbaRswoEkb492LiYt2OTNvJrMRA-symbVgNsETTRhpfj0L7onxCPwD4j1Rl-KSg6UHQs-00Fvy-Lqe7N_ABGWq7dGCBOmERabQ9tbxVsI4QKcY51LwS18dIWQ3eMlGhQKA9VwxgQiiimO0YCkhRYPvOeQP0W1DHOSF6K2-1mzfv2qQQ0o:1pdvgJ:PB5gc7akYx9lkk6vkSIfVNoxgDdYG9WDTU4MYhyZ9sY", "expire_date": "2023-04-02T16:14:51.268Z"}}, {"model": "sites.site", "pk": 1, "fields": {"domain": "www.dragonsnest.no", "name": "www.dragonsnest.no"}}, {"model": "account.emailaddress", "pk": 1, "fields": {"user": 1, "email": "gurra.naslund@gmail.com", "verified": true, "primary": true}}, {"model": "account.emailaddress", "pk": 2, "fields": {"user": 2, "email": "viggo.naslund@gmail.com", "verified": true, "primary": true}}, {"model": "products.category", "pk": 2, "fields": {"name": "magic_the_gathering", "friendly_name": "Magic The Gathering"}}, {"model": "products.category", "pk": 3, "fields": {"name": "pokemon", "friendly_name": "Pokémon"}}, {"model": "products.category", "pk": 4, "fields": {"name": "other_card", "friendly_name": "other card"}}, {"model": "products.category", "pk": 5, "fields": {"name": "family_games", "friendly_name": "Family Games"}}, {"model": "products.category", "pk": 6, "fields": {"name": "party_games", "friendly_name": "Party Games"}}, {"model": "products.category", "pk": 7, "fields": {"name": "kids_games", "friendly_name": "Kids Games"}}, {"model": "products.category", "pk": 8, "fields": {"name": "solo_mode_games", "friendly_name": "Solo Mode Games"}}, {"model": "products.category", "pk": 9, "fields": {"name": "co-op_games", "friendly_name": "Co-Op Games"}}, {"model": "products.category", "pk": 10, "fields": {"name": "warhammer_40k", "friendly_name": "Warhammer 40K"}}, {"model": "products.category", "pk": 11, "fields": {"name": "warhammer_age_of_sigmar", "friendly_name": "Warhammer Age Of Sigmar"}}, {"model": "products.category", "pk": 12, "fields": {"name": "apparel", "friendly_name": "Apparel"}}, {"model": "products.category", "pk": 13, "fields": {"name": "other_merch", "friendly_name": "Other merch"}}, {"model": "products.category", "pk": 14, "fields": {"name": "dice", "friendly_name": "Dice"}}, {"model": "products.category", "pk": 15, "fields": {"name": "paint:_and_brushes", "friendly_name": "Paint and Brushes"}}, {"model": "products.category", "pk": 16, "fields": {"name": "sleeves", "friendly_name": "Sleeves"}}, {"model": "products.category", "pk": 17, "fields": {"name": "deckboxes_and_binders", "friendly_name": "Deckboxes and Binders"}}, {"model": "products.subcategory", "pk": 1, "fields": {"name": "new_arrival", "friendly_name": "New Arrival"}}, {"model": "products.subcategory", "pk": 2, "fields": {"name": "deals", "friendly_name": "Deals"}}, {"model": "products.product", "pk": 1, "fields": {"category": 2, "sub_category": null, "name": "Magic The Gathering 2022 Arena Starter Kit", "sku": "mc1", "description": "Learn how to play in person and online with two ready-to-play decks (each with five rare cards!) and codes to play with a friend online in MTG Arena. The interactive online tutorial and included Play Guide booklet will teach you the basics before you immerse yourself in a thrilling, strategic game that's never the same twice.\r\n\r\nHere's everything included in each Magic: The Gathering 2022 Starter Kit:\r\n\r\n2 Ready-to-play 60-card decks—1 White-Blue deck and 1 Red-Green deck\r\n1 Magic Play Guide booklet\r\n2 Deck boxes\r\nCodes for two people to unlock both decks to play online in MTG Arena\r\n5 Rare cards—including 1 rare foil card—in each deck", "price": "12.00", "in_stock": true, "available": "7", "new_arrival": false, "image_url": null, "image": "arena_starter_kit_2022.jpg"}}, {"model": "products.product", "pk": 2, "fields": {"category": 2, "sub_category": null, "name": "Magic The Gathering Dominaria Remastered Draft Booster", "sku": "mc2", "description": "Release Date: January 13, 2023\r\n\r\nEach Dominaria Remastered Draft Booster contains 15 cards and 1 token/ad card, including 1 card of rarity Rare or higher and 2–4 Uncommon, 9–11 Common, and 1 Retro Land cards. Traditional Foil of any rarity replaces a Common in 33% of boosters.\r\n\r\nContents:\r\n\r\n15 Magic: The Gathering cards per booster\r\nBest booster for drafting Dominaria Remastered\r\n1 Retro-Frame card of any rarity + 1 Retro-Frame Land in every pack\r\n1 card of rarity Rare or higher in every pack\r\n1 Traditional Foil card in 33% of packs\r\nWield the power of the past with reprints spanning 27 different MTG sets throughout Dominaria's history", "price": "9.00", "in_stock": true, "available": "48", "new_arrival": false, "image_url": null, "image": "dominaria_remasterd_draft_boster.jpg"}}, {"model": "products.product", "pk": 3, "fields": {"category": 2, "sub_category": null, "name": "Magic The Gathering Kamigawa Neon Dynasty Set Booster Box", "sku": "mc3", "description": "Contents: \r\n\r\n30 Kamigawa: Neon Dynasty Set Boosters\r\n12 Magic: The Gathering cards per Set Booster\r\nBest MTG booster to open just for fun\r\n1–4 cards of rarity Rare or higher in every booster\r\nWith cyberpunk cards full of color and chrome—the future is bright in Kamigawa", "price": "150.00", "in_stock": true, "available": "5", "new_arrival": false, "image_url": null, "image": "kamigawa_neon_set_booster_box.jpg"}}, {"model": "products.product", "pk": 4, "fields": {"category": 2, "sub_category": null, "name": "Magic The Gathering Phyrexia All Will Be One Draft Booster", "sku": "mc4", "description": "Pre-Release Date: February 3-5, 2023 (Limited amount)\r\nRelease Date: February 10, 2023\r\n\r\nEach Phyrexia: All Will Be One Draft Booster contains 15 cards and 1 token/ad card, including 1 card of rarity Rare or higher and 3 Uncommons, 10 Commons, and 1 Land cards. Traditional Foil Borderless Mythic Planeswalker in <1% of boosters. Traditional Foil of any rarity replaces a Common in 33% of boosters.\r\n\r\nContents:\r\n\r\n15 Magic: The Gathering cards per booster\r\nBest booster for drafting Phyrexia: All Will Be One\r\n1 card of rarity Rare or higher in every pack\r\n1 Traditional Foil card in 33% of packs\r\nGlory to Phyrexia—resist the Phyrexian invasion or forfeit your flesh to join them in perfection", "price": "5.00", "in_stock": true, "available": "100", "new_arrival": false, "image_url": null, "image": "Phyrexia_draft_boster.jpg"}}, {"model": "products.product", "pk": 5, "fields": {"category": 2, "sub_category": 1, "name": "Magic The Gathering: Phyrexia: All Will Be One Draft Booster Box", "sku": "mc5", "description": "he Phyrexia: All Will Be One Draft Booster Box contains 36 Phyrexia: All Will Be One Draft Boosters. Each Draft Booster contains 15 cards and 1 token/ad card, including 1 card of rarity Rare or higher and 3 Uncommons, 10 Commons, and 1 Land cards. Traditional Foil Borderless Mythic Planeswalker in <1% of boosters. Traditional Foil of any rarity replaces a Common in 33% of boosters.\r\n\r\nContents:\r\n\r\n36 Phyrexia: All Will Be One MTG Draft Boosters—the best boosters for drafting Phyrexia: All Will Be One\r\n15 Magic cards per booster\r\n1 card of rarity Rare or higher in every pack\r\n1 Traditional Foil card in 33% of packs\r\nGlory to Phyrexia—resist the Phyrexian invasion or forfeit your flesh to join them in perfection\r\nBuy-A-Box Promo:\r\n1 ''Green Sun's Twilight\" for as long as the supply lasts", "price": "150.00", "in_stock": true, "available": "10", "new_arrival": false, "image_url": null, "image": "phyrexia_all_will_be_one_box.jpg"}}, {"model": "products.product", "pk": 6, "fields": {"category": 3, "sub_category": null, "name": "Pokemon Bundle Chest", "sku": "pc1", "description": "Three charming first partner Pokémon come together in a goodie-filled Collector Bundle! The stars of this offering are three foil promo cards featuring Rowlet, Cyndaquil, and Oshawott. These three Pokémon will definitely increase your Pokémon TCG collection's cute factor! Additionally, you'll find plenty more Pokémon in the seven Pokémon TCG booster packs that are included in this set.\r\n\r\nNot only that, but this collection also includes a Pokémon coin, a Pokémon notebook, and four sticker sheets for added Pokémon fun.\r\n\r\nThe Pokémon TCG: Collector Bundle includes:\r\n\r\n\r\n5 Pokémon TCG booster packs\r\n3 foil promo cards featuring Rowlet, Cyndaquil, and Oshawott\r\nA cool Pokémon coin\r\n4 colorful sticker sheets\r\nA Pokémon notebook", "price": "36.90", "in_stock": true, "available": "24", "new_arrival": false, "image_url": null, "image": "bundle_chest.jpg"}}, {"model": "products.product", "pk": 7, "fields": {"category": 3, "sub_category": null, "name": "Pokemon Pokémon GO Elite Trainer Box", "sku": "pc2", "description": "Gear up for battle like never before as Pokémon GO meets the Pokémon Trading Card Game! The Pokémon TCG: Pokémon GO Elite Trainer Box is a great way to get started with this exciting new expansion thanks to the ten Pokémon TCG: Pokémon GO booster packs included. Not only that, but you'll get a foil promo card featuring Mewtwo V. This Legendary Pokémon's Transfer Break attack will do 160 damage to your opponent's Active Pokémon while moving one Energy attached to Mewtwo V onto one of your Benched Pokémon.\r\n\r\nThis Elite Trainer Box also includes plenty of other useful items for playing the Pokémon TCG. There are 65 card sleeves featuring Mewtwo to keep your deck in good condition, 45 Energy cards to power up your team, damage-counter dice and a coin-flip die, acrylic condition and VSTAR markers, and a player's guide to the Pokémon GO expansion. It all comes in a sturdy collector's box that's perfect for storing your cards. You'll be ready to go with this cool set!\r\n\r\nThe Pokémon TCG: Pokémon GO Elite Trainer Box includes:\r\n\r\n10 Pokémon TCG: Pokémon GO booster packs\r\n1 foil promo card featuring Mewtwo V\r\n65 card sleeves featuring Mewtwo\r\n45 Pokémon TCG Energy cards\r\nA player's guide to the Pokémon GO expansion\r\n6 damage-counter dice\r\n1 competition-legal coin-flip die\r\n2 acrylic condition markers\r\n1 acrylic VSTAR marker\r\nA collector's box to hold everything, with 4 dividers to keep it organized", "price": "62.00", "in_stock": true, "available": "4", "new_arrival": false, "image_url": null, "image": "poke_elite_trainer_box.jpg"}}, {"model": "products.product", "pk": 9, "fields": {"category": 3, "sub_category": null, "name": "Pokemon V Strikers Tin Empoleon V", "sku": "pc4", "description": "Strike hard or strike quickly with Battle Styles—and choose between the crushing power of Tyranitar V or the quick, icy moves of Empoleon V in the Pokémon Trading Card Game: V Strikers Tin. Each of these fantastic tins contains a super-powerful Pokémon V, with the necessary moves, strength, and skills to help you battle your way to victory in your next Pokémon match!\r\n\r\n\r\nThe Pokémon TCG: V Strikers Tin includes:\r\n\r\n1 of 2 foil Pokémon V cards: Tyranitar V or Empoleon V!\r\n4 Pokémon TCG booster packs\r\nA code card for the Pokémon Trading Card Game Online", "price": "26.90", "in_stock": true, "available": "6", "new_arrival": false, "image_url": null, "image": "strikers_tin_empoleon_v.jpg"}}, {"model": "products.product", "pk": 10, "fields": {"category": 4, "sub_category": null, "name": "Marvel Champions Most Wanted", "sku": "mcc1", "description": "Not every villain is content to contain their schemes to a single parochial planet—some have much more cosmic ambitions, unleashing their evil against the countless worlds of the galaxy. If you’re ready to leave Earth behind, it’s time to fuel up the Milano, grab that guy’s arm, and blast off for the stars!\r\n\r\nTeam up with the Guardians of the Galaxy and take your games of Marvel Champions onto the galactic stage. Within The Galaxy’s Most Wanted, you’ll find an entirely new campaign, with five distinct scenarios pitting you against Drang of the Brotherhood of Badoon, the Collector (featured in two separate scenarios), Nebula, and Ronan the Accuser. You can play each of these scenarios individually or bring them together in an epic campaign, and with seven modular sets, there’s plenty of opportunities to mix up your other scenarios. What’s more, this campaign expansion also introduces the first Guardians of the Galaxy heroes to the game, with fully pre-built and ready-to-play hero decks for Groot and Rocket Racoon.\r\n\r\nMarvel Champions: The Card Game Core Set required to play.", "price": "37.90", "in_stock": true, "available": "6", "new_arrival": false, "image_url": null, "image": "most_wanted.jpg"}}, {"model": "products.product", "pk": 11, "fields": {"category": 4, "sub_category": null, "name": "A Game Of Thrones LCG core box", "sku": "gotc1", "description": "The world of Westeros is wracked with war, intrigue, and strife. The Great Houses muster armies and meet in titanic battles, while their assassins and spies struggle in the shadows. Across the Narrow Sea, the first dragons in years have awoken, while in the barren lands beyond the Wall, a nameless threat is stirring, eager to crush the world with freezing cold and endless night. Westeros is unforgiving of mistakes, and in the end, only one game truly matters: the game of thrones!", "price": "33.00", "in_stock": true, "available": "4", "new_arrival": false, "image_url": null, "image": "a_game_of_thrones_core_box.jpg"}}, {"model": "products.product", "pk": 12, "fields": {"category": 5, "sub_category": 2, "name": "7 Wonders", "sku": "bgf1", "description": "Make the right decisions to lead your civilization to prosperity!\r\n\r\nLead one of the seven greatest cities of Antiquity. Develop your civilization on a military, scientific, cultural, and economic level. Once built, will your Wonder bring you glory for millennia to come? No downtime, renewed fun in each game and perfect balance regardless of the number of players.", "price": "45.00", "in_stock": true, "available": "1", "new_arrival": false, "image_url": null, "image": "7-wonders-2nd.jpg"}}, {"model": "products.product", "pk": 13, "fields": {"category": 5, "sub_category": null, "name": "Azul", "sku": "bgf2", "description": "Introduced by the Moors, azulejos (originally white and blue ceramic tiles) were fully embraced by the Portuguese when their king Manuel I, on a visit to the Alhambra palace in Southern Spain, was mesmerized by the stunning beauty of the Moorish decorative tiles. The king, awestruck by the interior beauty of the Alhambra, immediately ordered that his own palace in Portugal be decorated with similar wall tiles. As a tile-laying artist, you have been challenged to embellish the walls of the Royal Palace of Evora.\r\n\r\nIn the game Azul, players take turns drafting colored tiles from suppliers to their player board. Later in the round, players score points based on how they've placed their tiles to decorate the palace. Extra points are scored for specific patterns and completing sets; wasted supplies harm the player's score. The player with the most points at the end of the game wins.", "price": "42.00", "in_stock": true, "available": "5", "new_arrival": false, "image_url": null, "image": "Azul_Nordic.jpg"}}, {"model": "products.product", "pk": 14, "fields": {"category": 5, "sub_category": null, "name": "Bang! Duel Renegades", "sku": "bgf3", "description": "BANG! The Duel – Renegades allows players to play BANG! The Duel in four new exciting ways: three with two players (two \"The Third Group\" modes and one \"Reinforcements\" mode) and one with three players (\"Mexican Standout\").\r\n\r\nThis expansion includes a deck of green-bordered cards called \"Resources\", which are a special type of equipment. Just like any other equipment cards, players must put these cards into play on their rearguard character or their opponent's active character, but unlike blue-bordered equipment, resources may be used only starting with the next turn, not in the same turn during which they were put into play.", "price": "25.00", "in_stock": true, "available": "2", "new_arrival": false, "image_url": null, "image": "Bang_DuelRenegades.jpg"}}, {"model": "products.product", "pk": 15, "fields": {"category": 5, "sub_category": null, "name": "Bezzerwizzer", "sku": "bgf4", "description": "BEZZERWIZZER is a knowledge game where both general education and tactics determine who wins. The questions are divided into 20 different categories and you can influence which questions you will be asked to answer. During the course of the game, you also get to use your tactical mind to make it more difficult for your opponents. You can steal their favorite categories or be a Bezzerwizzer who answers the questions they can't do themselves. But remember they can do the same to you!", "price": "49.90", "in_stock": true, "available": "8", "new_arrival": false, "image_url": null, "image": "Bezzerwizzer_SE.jpg"}}, {"model": "products.product", "pk": 16, "fields": {"category": 5, "sub_category": null, "name": "Chess", "sku": "bgf5", "description": "Chess Set Big 14'\r\nChess Set Big 14'\r\nRegular Price439,00 kr\r\nHurry! Only\r\n3\r\nunits left in stock!\r\nUnits\r\n-\r\n1\r\n+\r\nDESCRIPTION\r\nChess is a two-player, abstract strategy board game that represents medieval warfare on an 8x8 board with alternating light and dark squares. Opposing pieces, traditionally designated White and Black, are initially lined up on either side. Each type of piece has a unique form of movement and capturing occurs when a piece, via its movement, occupies the square of an opposing piece. Players take turns moving one of their pieces in an attempt to capture, attack, defend, or develop their positions. Chess games can end in checkmate, resignation, or one of several types of draws. Chess is one of the most popular games in the world, played by millions of people worldwide at home, in clubs, online, by correspondence, and in tournaments. Between two highly skilled players, chess can be a beautiful thing to watch, and a game can provide great entertainment even for novices. There is also a large literature of books and periodicals about chess, typically featuring games and commentary by chess masters.\r\n\r\nThe current form of the game emerged in Southern Europe during the second half of the 15th century after evolving from a similar, much older game of Indian origin. The tradition of organized competitive chess began in the 16th century. The first official World Chess Champion, Wilhelm Steinitz, claimed his title in 1886. The current World Champion is Magnus Carlsen, Norway. Chess is also a recognized sport of the International Olympic Committee.", "price": "43.20", "in_stock": true, "available": "6", "new_arrival": false, "image_url": null, "image": "chess.jpg"}}, {"model": "products.product", "pk": 17, "fields": {"category": 5, "sub_category": null, "name": "Fairy Tile", "sku": "bgf6", "description": "Welcome to Fairy Tile, a kingdom of magical lands where a daring Princess, a devoted Knight, and a dreadful Dragon roam looking for adventure. They need your help to discover the kingdom! Help them move further and further to fulfill their destiny and tell their story, page after page.\r\n\r\nDevelop the kingdom of Fairy Tile by putting new land tiles in play and moving the Princess, Knight, and Dragon across different places such as mountains, forests, and plains. Help them have extraordinary adventures by accomplishing objectives written on the pages of your book. As soon as you complete an objective, develop your story and read the page of your book aloud.\r\n\r\nBe the first to read all the pages of your book to win the game.", "price": "27.90", "in_stock": true, "available": "4", "new_arrival": false, "image_url": null, "image": "FairyTile.jpg"}}, {"model": "products.product", "pk": 18, "fields": {"category": 5, "sub_category": null, "name": "Catan", "sku": "bgf7", "description": "In CATAN (formerly The Settlers of Catan), players try to be the dominant force on the island of Catan by building settlements, cities, and roads. On each turn dice are rolled to determine what resources the island produces. Players build by spending resources (sheep, wheat, wood, brick and ore) that are depicted by these resource cards; each land type, with the exception of the unproductive desert, produces a specific resource: hills produce brick, forests produce wood, mountains produce ore, fields produce wheat, and pastures produce sheep.\r\n\r\nSetup includes randomly placing large hexagonal tiles (each showing a resource or the desert) in a honeycomb shape and surrounding them with water tiles, some of which contain ports of exchange. Number disks, which will correspond to die rolls (two 6-sided dice are used), are placed on each resource tile. Each player is given two settlements (think: houses) and roads (sticks) which are, in turn, placed on intersections and borders of the resource tiles. Players collect a hand of resource cards based on which hex tiles their last-placed house is adjacent to. A robber pawn is placed on the desert tile.\r\n\r\nA turn consists of possibly playing a development card, rolling the dice, everyone (perhaps) collecting resource cards based on the roll and position of houses (or upgraded cities—think: hotels) unless a 7 is rolled, turning in resource cards (if possible and desired) for improvements, trading cards at a port, and trading resource cards with other players. If a 7 is rolled, the active player moves the robber to a new hex tile and steals resource cards from other players who have built structures adjacent to that tile.\r\n\r\nPoints are accumulated by building settlements and cities, having the longest road and the largest army (from some of the development cards), and gathering certain development cards that simply award victory points. When a player has gathered 10 points (some of which may be held in secret), he announces his total and claims the win.\r\n\r\nCATAN has won multiple awards and is one of the most popular games in recent history due to its amazing ability to appeal to experienced gamers as well as those new to the hobby.", "price": "39.90", "in_stock": true, "available": "8", "new_arrival": false, "image_url": null, "image": "Catan_board_game.jpg"}}, {"model": "products.product", "pk": 19, "fields": {"category": 7, "sub_category": null, "name": "Catan Junior", "sku": "bgk1", "description": "Explore the seas! Catan: Junior introduces a modified playing style of the classic Settlers of Catan, giving players as young as five a perfect introduction to the Catan series of games.\r\n\r\nCatan: Junior takes place on a ring of islands where 2 to 4 players build hideouts and encounter the mysterious Spooky Island, where the Ghost Captain lives. Each island generates a specific resource: wood, goats, molasses or swords, and players can acquire gold. Each player starts with two pirate hideouts on different islands, and they can use the resources they acquire to build ships, hideouts or get help from Coco the Parrot. By building ships, they can expand their network; the more hideouts they build, the more resources they may receive. Just watch out for the dreaded Ghost Captain!\r\n\r\nBe the first player to control seven pirate hideouts, and you win!\r\n\r\nWhat sets this apart from the previous Die Siedler von Catan: Junior from 2007:\r\n\r\nThis game is playable with two as it comes with a two-player map.\r\nThe three- and four-player map is larger and is more symmetrical, so that two of the colors don't operate at a disadvantage.\r\nThe map now shows die faces rather than numbers for resource production.\r\nMany of the event cards have been removed to make the game simpler.\r\nThere are no cards in the game only tiles for more durability.\r\nThere are no longer harbors in the game. In the original game you had to set up the board with random secret harbor tiles that allow for better trades with the bank. Now the trading to the bank is simpler and can be done from the beginning and doesn't require people to build to the harbors.\r\nThe resources are different.\r\nThere is a race for the Coco the Parrot tiles (rather than 'CoCo Helps' cards) and those that have the most get to put an extra piece on the board (one step closer to winning), tied players take their piece off the island and leave it vacated.\r\nThe market is now a part of the board, and can be traded into only once on your turn\r\nBy default, Trading with other players is excluded and only part of the \"advanced game\". In Die Siedler von Catan: Junior trading with other players could be excluded to simplify the game.", "price": "29.90", "in_stock": true, "available": "5", "new_arrival": false, "image_url": null, "image": "Catan_Junior.jpg"}}, {"model": "products.product", "pk": 20, "fields": {"category": 7, "sub_category": null, "name": "Candy Lab", "sku": "bgk2", "description": "Machines are operating at full capacity in the candy factory!\r\n\r\nIn Candy Lab, you take on the role of confectioners and are busy boxing the prized candies. In the middle of all this hustle, you have to retrieve the candy bars to fulfill your orders. The best among you will receive the coveted title of \"master confectioner\" and leave with their weight in candy!\r\n\r\nYour opponents will stop at nothing to win the supreme title — and actually, neither will you!\r\n\r\nIn the game, you play order cards to retrieve candy bar combinations, activate their effects to help you, and (above all) disrupt your opponents. The game ends when the last candy bar is retrieved or when the draw pile of order cards is depleted.\r\n\r\nThe player with the most points at the end of the game wins!", "price": "29.90", "in_stock": true, "available": "4", "new_arrival": false, "image_url": null, "image": "candy_lab.jpg"}}, {"model": "products.product", "pk": 21, "fields": {"category": 7, "sub_category": null, "name": "Planet", "sku": "bgk3", "description": "The spark of life is about to jump from your hands to spread out in the world. Deploy your mountain ranges and your deserts, spread out your oceans and your glaciers. Handle wisely your continents to form environments suitable for the apparition of animal life and maybe you'll manage to create the most densely populated planet!\r\n\r\nIn Planet, each player receives a planet core without anything on it. Each turn, players choose a tile with mountain/ice/forest/desert on it and place it on the planet. Then the player who fulfills the most conditions for the appearance of certain animals gains its card.", "price": "29.90", "in_stock": false, "available": "0", "new_arrival": false, "image_url": null, "image": "Planet.jpg"}}, {"model": "products.product", "pk": 22, "fields": {"category": 6, "sub_category": null, "name": "Dix It", "sku": "bgp1", "description": "One player is the storyteller for the turn and looks at the images on the 6 cards in her hand. From one of these, she makes up a sentence and says it out loud (without showing the card to the other players).\r\n\r\nEach other player selects the card in their hands which best matches the sentence and gives the selected card to the storyteller, without showing it to the others.\r\n\r\nThe storyteller shuffles her card with all the received cards. All pictures are shown face up and every player has to bet upon which picture was the storyteller's.\r\n\r\nIf nobody or everybody finds the correct card, the storyteller scores 0, and each of the other players scores 2. Otherwise the storyteller and whoever found the correct answer score 3. Players score 1 point for every vote for their own card.\r\n\r\nThe game ends when the deck is empty or if a player scores 30 points. In either case, the player with the most points wins the game.\r\n\r\nThe base game and all expansions have 84 cards each.", "price": "33.90", "in_stock": true, "available": "4", "new_arrival": false, "image_url": null, "image": "dixit-board-game.jpg"}}, {"model": "products.product", "pk": 23, "fields": {"category": 6, "sub_category": null, "name": "Dungeon Mayhem", "sku": "bgp2", "description": "Dungeon Mayhem\r\nDungeon Mayhem\r\nRegular Price179,00 kr\r\nUnits\r\n-\r\n1\r\n+\r\nDESCRIPTION\r\nIn the action-packed Dungeons & Dragons card game Dungeon Mayhem, you win by being the last adventurer standing.\r\n\r\nPlay as one of four brave, quirky characters — barbarian, paladin, rogue, or wizard — battling it out in a dungeon full of treasure! With magic missiles flinging, dual daggers slinging, and spiked shields dinging, it's up to you to prove your adventurer has the guts to bring home the glory!\r\n\r\nIllustrations created by Kyle Ferrin in the four decks of cards represent Sutha the Skullcrusher (barbarian), Azzan the Mystic (wizard), Lia the Radiant (paladin), and Oriax the Clever (rogue). Pick one of these characters and play their mighty power cards such as Azzan's Vampiric Touch to swap hit points with an opponent or Sutha's Whirling Axes to heal yourself while dealing crushing damage to the rest of the party.", "price": "17.90", "in_stock": true, "available": "1", "new_arrival": false, "image_url": null, "image": "D_DDungeonMayhem.jpg"}}, {"model": "products.product", "pk": 24, "fields": {"category": 6, "sub_category": null, "name": "Exploding Kittens Party Pack Game", "sku": "bgp3", "description": "Originally an expansion for Exploding Kittens, the most successful Kickstarer project ever, that contained cards that were too horrific and/or incredible to be included in a kid safe version. As a stretch goal this was turned into a stand alone game that can be combined with the standard Exploding Kittens deck. If you combine the two decks, you can go up to 9 players. 10 with Imploding Kittens", "price": "34.90", "in_stock": true, "available": "4", "new_arrival": false, "image_url": null, "image": "ExploadingKittens.jpg"}}, {"model": "products.product", "pk": 25, "fields": {"category": 6, "sub_category": null, "name": "Fluxx 5.0", "sku": "bgp4", "description": "Fluxx 5.0\r\nFluxx 5.0\r\nRegular Price189,00 kr\r\nUnits\r\n-\r\n1\r\n+\r\nDESCRIPTION\r\nFluxx is a card game in which the cards themselves determine the current rules of the game. By playing cards, you change numerous aspects of the game: how to draw cards, how to play cards, and even how to win.\r\n\r\nAt the start of the game, each player holds three cards and on a turn a player draws one card, then plays one card. By playing cards, you can put new rules into play that change numerous aspects of the game: how many cards to draw or play, how many cards you can hold in hand or keep on the table in front of you, and (most importantly) how to win the game. There are many editions, themed siblings, and promo cards available.", "price": "18.50", "in_stock": true, "available": "3", "new_arrival": false, "image_url": null, "image": "Fluxx5.0.jpg"}}, {"model": "products.product", "pk": 26, "fields": {"category": 6, "sub_category": null, "name": "Exploding Minions", "sku": "bgp5", "description": "Introducing: Exploding Minions! Play the all new Minions themed version of your favorite explosive card game featuring new card types and magical bananas.\r\n\r\nExploding Minions is a Minions-powered version of Russian Roulette. Players take turns drawing cards until someone draws an Exploding Minion and loses the game. The deck is made up of cards that let you avoid exploding by peeking at cards before you draw, forcing your opponent to draw multiple cards, or shuffling the deck.\r\n\r\nThe game gets more and more intense with each card you draw because fewer cards left in the deck means a greater chance of drawing the Exploding Minion.\r\n\r\nThe Minions bring a new game-changing card with them that allows players to Clone cards.", "price": "29.90", "in_stock": true, "available": "1", "new_arrival": false, "image_url": null, "image": "exploding-minions.jpg"}}, {"model": "products.product", "pk": 27, "fields": {"category": 8, "sub_category": null, "name": "Ark Nova", "sku": "bgs1", "description": "In Ark Nova, you will plan and design a modern, scientifically managed zoo. With the ultimate goal of owning the most successful zoological establishment, you will build enclosures, accommodate animals, and support conservation projects all over the world. Specialists and unique buildings will help you in achieving this goal.\r\n\r\nEach player has a set of five action cards to manage their gameplay, and the power of an action is determined by the slot the card currently occupies. The cards in question are:\r\n\r\nCARDS: Allows you to gain new zoo cards (animals, sponsors, and conservation project cards).\r\nBUILD: Allows you to build standard or special enclosures, kiosks, and pavilions.\r\nANIMALS: Allows you to accommodate animals in your zoo.\r\nASSOCIATION: Allows your association workers to carry out different tasks.\r\nSPONSORS: Allows you to play a sponsor card in your zoo or to raise money.\r\n255 cards featuring animals, specialists, special enclosures, and conservation projects, each with a special ability, are at the heart of Ark Nova. Use them to increase the appeal and scientific reputation of your zoo and collect conservation points.", "price": "69.90", "in_stock": true, "available": "7", "new_arrival": false, "image_url": null, "image": "ark_nova.jpg"}}, {"model": "products.product", "pk": 28, "fields": {"category": 8, "sub_category": null, "name": "Cooper Island", "sku": "bgs2", "description": "In the age of exploration the players arrive at a new home far away from their homeland. They try to settle the big island and each player tries to explore one part of it by placing landscape tiles. Landscape tiles grant resources and those are used to erect buildings with special abilities. Barriers on the island have to be removed in order to explore the island even further. Players build valuable statues and supply ships get them the supplies from the old world they need to be a successful settler on Cooper Island.\r\n\r\nThe special thing about Cooper Island is the way the players mark their victory points. They sail with ships around the island to show their progress. On their way around the island they find smaller islands inshore that grant valuable benefits. After five rounds, a game of Cooper Island ends and the player who developed the best and went on furthest with their ships will win.\r\n\r\nThe second printing of the German and English versions of the game, along with the Spanish version of the game, include the Solo Against Cooper expansion that was originally available separately as a bonus item.", "price": "69.90", "in_stock": true, "available": "2", "new_arrival": false, "image_url": null, "image": "Cooper-Island.jpg"}}, {"model": "products.product", "pk": 29, "fields": {"category": 8, "sub_category": null, "name": "My Little Scythe", "sku": "bgs3", "description": "My Little Scythe is a competitive, family-friendly game in which each player controls 2 animal miniatures embarking upon an adventure in the Kingdom of Pomme.\r\n\r\nIn an effort to be the first to earn 4 trophies from 8 possible categories, players take turns choosing to Move, Seek, or Make. These actions will allow players to increase their friendship and pies, power up their actions, complete quests, learn magic spells, deliver gems and apples to Castle Everfree, and perhaps even engage in a pie fight.\r\n\r\nSome of My Little Scythe’s mechanisms are inspired by the bestselling game, Scythe. It caught the eye of Stonemaier Games as a fan-created print-and-play game in 2017 (it went on to win the BoardGameGeek 2017 award for best print-and-play game).", "price": "44.90", "in_stock": true, "available": "9", "new_arrival": false, "image_url": null, "image": "MyLittleScythe.jpg"}}, {"model": "products.product", "pk": 30, "fields": {"category": 9, "sub_category": null, "name": "Harry Potter Hogwarts Battle: Defence Against The Dark Arts", "sku": "bgco1", "description": "Harry Potter™ Hogwarts™ Battle Defence Against the Dark Arts is a competitive deck-building game for two players, inspired by Harry Potter Hogwarts Battle. In this fast-paced game, players take turns playing cards, taking actions and acquiring new cards to build a more powerful deck as their defensive skills improve. Stun your opponent three times to win!\r\n\r\nWith the noticeable rise in Dark Arts activity, Headmaster Albus Dumbledore has authorized practical Defence Against the Dark Arts lessons to ensure that students are prepared to defend themselves. Under the supervision of Hogwart’s teachers, students will cast Spells and Hexes, use Items, and gain Allies to stun their opponents and protect themselves from evil forces.\r\n\r\nTHIS IS A STAND-ALONE GAME. While inspired by Harry Potter Hogwarts Battle, none of the content in this game is designed to be incorporated into that game.", "price": "34.90", "in_stock": true, "available": "2", "new_arrival": false, "image_url": null, "image": "harry_dark_art.jpg"}}, {"model": "products.product", "pk": 31, "fields": {"category": 5, "sub_category": null, "name": "Dune: House Secrets", "sku": "bgco2", "description": "Featuring the co-operative game system used in Portal's award-winning Detective: A Modern Crime Board Game, Dune: House Secrets delivers a deeply thematic experience that drops one-to-four players in the middle of the highest stakes unfolding on the harsh desert planet of Arrakis.\r\n\r\nIn this story-driven adventure game, players take on the roles of rebels who must solve a series of challenging missions with a finite amount of time and resources. Players cooperatively make decisions on how to progress the story as they decide to explore different regions of the world, follow leads, leverage allies, and overcome opposition of all kinds. During gameplay, players use a variety of physical and digital game components — a deck of cards with essential clues and plot twists, a dozen physical handouts, and a dedicated website with additional resources — to steer the narrative in fun and surprising directions for a truly immersive experience.\r\n\r\nBeginning with an introductory prologue designed to get players acquainted with the massive Dune universe, the game then continues with three big adventures, each taking roughly two-to-three hours to play. During each episode, players can earn experience points to level up their characters in between missions and unlock new options in future gameplay. Each adventure can be played separately as standalone episodes, yet should players complete all three episodes, they will unravel a master game narrative with an epic climax and unforgettable resolution with lasting impact on the future two games in the trilogy.", "price": "42.90", "in_stock": true, "available": "4", "new_arrival": false, "image_url": null, "image": "dune_secret.jpg"}}, {"model": "products.product", "pk": 32, "fields": {"category": 9, "sub_category": null, "name": "Betrayal At Baldurs Gate", "sku": "bgco3", "description": "The shadow of Bhaal has come over Baldur's Gate, summoning monsters and other horrors from the darkness!\r\n\r\nAs you build and explore the iconic city's dark alleys and deadly catacombs, you must work with your fellow adventurers to survive the terrors ahead. That is, until some horrific evil turns one — or possibly more — of you against each other. Was it a mind flayer's psionic blast or the whisperings of a deranged ghost that caused your allies to turn traitor? You have no choice but to keep your enemies close!\r\n\r\nBased on the award-winning Betrayal at House on the Hill board game, in Betrayal at Baldur's Gate you'll return to Baldur's Gate again and again thanks to the fifty included scenarios only to discover it's never the same game twice.\r\n\r\nCan you and your party survive the madness, or will you succumb to the mayhem and split (or slaughter!) the party?", "price": "52.90", "in_stock": true, "available": "4", "new_arrival": false, "image_url": null, "image": "BetrayalatBaldursGate.jpg"}}, {"model": "products.product", "pk": 33, "fields": {"category": 9, "sub_category": null, "name": "Betrayal At House On The Hill", "sku": "bgco4", "description": "Betrayal at House on the Hill quickly builds suspense and excitement as players explore a haunted mansion of their own design, encountering spirits and frightening omens that foretell their fate. With an estimated one hour playing time, Betrayal at House on the Hill is ideal for parties, family gatherings or casual fun with friends.\r\n\r\nBetrayal at House on the Hill is a tile game that allows players to build their own haunted house room by room, tile by tile, creating a new thrilling game board every time. The game is designed for three to six people, each of whom plays one of six possible characters.\r\n\r\nSecretly, one of the characters betrays the rest of the party, and the innocent members of the party must defeat the traitor in their midst before it’s too late! Betrayal at House on the Hill will appeal to any game player who enjoys a fun, suspenseful, and strategic game.\r\n\r\nBetrayal at House on the Hill includes detailed game pieces, including character cards, pre-painted plastic figures, and special tokens, all of which help create a spooky atmosphere and streamline game play.", "price": "53.90", "in_stock": true, "available": "3", "new_arrival": false, "image_url": null, "image": "BetrayalatHouseontheHill.jpg"}}, {"model": "products.product", "pk": 34, "fields": {"category": 10, "sub_category": null, "name": "Warhammer 40K Battleforce Thousand Sons - Court of The Crimson King", "sku": "wh1", "description": "Once the most learned of the Emperor's sons, Magnus the Red was driven by hubris and deception into the arms of Tzeentch. Now a mighty Daemon Primarch, the Crimson King has returned to wage war on reality at the head of his Legion. The Thousand Sons are a relentless host of unliving automata, transformed by a forbidden ritual and led by immortal sorcerous masters. With their Primarch at their helm, they will enact a campaign of vengeance that will bring the Imperium to its knees.\r\n\r\nThis boxed set contains a supremely powerful daemonic Primarch, leading a trio of Exalted Sorcerers. Beneath his watchful gaze marches a formidable phalanx of Rubric Marines, arcane automata armed with enchanted weaponry and supported by the eldritch powers of their psychic leaders. This box provides 24 plastic models with access to a variety of psychic abilities and special weapons, making it an ideal way to start a new Thousand Sons army or add to your existing collection.\r\n\r\nThis set includes the following multipart plastic models:\r\n\r\n1x Magnus the Red\r\n3x Exalted Sorcerers\r\n20x Rubric Marines\r\nAll models are supplied with their appropriate bases.\r\n\r\nThese miniatures are supplied unpainted and require assembly – we recommend using Citadel Plastic Glue and Citadel Colour paints.", "price": "149.00", "in_stock": true, "available": "2", "new_arrival": false, "image_url": null, "image": "warhammer_40k_battleforce_thousand_sons_court_of_the_crimson_king.jpg"}}, {"model": "products.product", "pk": 35, "fields": {"category": 10, "sub_category": null, "name": "Warhammer 40K Codex Space Marines", "sku": "wh2", "description": "The Space Marines are numbered amongst the most elite warriors in the Imperium. Created by the Emperor himself from the genetic material of the demigod Primarchs, they are the ultimate soldiers for a cruel and terrible age. Inside this 208-page hardback codex, you'll find everything you need to unleash the Space Marines in battle, plus thrilling lore and art to inspire your own collection.\r\n\r\nInside this book, you'll find:\r\n\r\nThe history of the Space Marines, with a look at how these genetically engineered warriors annihilate the enemies of the Emperor with terrible force\r\nA Space Marines bestiary with background details for every unit and Character featured\r\nA showcase of stunningly painted Citadel miniatures\r\nRules for Space Marines units that are available to every every First Founding Chapter, their Successors – including more diverse Chapters such as the Space Wolves, Blood Angels, Dark Angels – and the Deathwatch\r\nRules for creating your own Successor Chapter Tactics\r\nRules for upgrading your Characters to members of the Chapter Command – Chapter Ancient, Chapter Champion, Chief Apothecary, Master of Sanctity, Master of the Forge, Chief Librarian, and Chapter Master\r\nStratagems, Warlord Traits, Litanies of Battle, Psychic Disciplines, Chapter Relics, and optional Secondary Objectives that define the ways that the Space Marines wage war\r\nBespoke Crusade rules providing new Agendas, Requisitions, Battle Traits, Honorifics, and Crusade Relics that are unique to the Space Marines\r\nAnd more!\r\n\r\nYou will need a copy of the Warhammer 40,000 Core Book to use the rules included in this codex.", "price": "35.90", "in_stock": true, "available": "2", "new_arrival": false, "image_url": null, "image": "warhammer_40k_codex_space_marines.jpg"}}, {"model": "products.product", "pk": 36, "fields": {"category": 10, "sub_category": null, "name": "Warhammer 40K Codex Thousand Sons", "sku": "wh3", "description": "The Thousand Sons advance into battle amidst gouts of kaleidoscopic warpflame and bolts of raw sorcery. At their heart stride the Rubricae, implacable warriors who level salvo after salvo against the foe, marching at the command of the mighty Sorcerers who rule their fractured Legion. Around them come shrieking herds of Tzaangor, chanting cultists, twisted war engines, and immense beasts whose very presence triggers madness and mutation.\r\n\r\nLed by the towering figure of the Daemon Primarch Magnus the Red, these sanity-blasting hosts surge into battle to work the will of Tzeentch. Everything they do furthers the labyrinthine plans of their deity. To fight the Thousand Sons is to battle the entangling strands of fate itself, never knowing whether you’re serving their inscrutable ends, even in victory.\r\n\r\nIn war, the Thousand Sons combine the might of stalwart Chaos Space Marines with throngs of cultists and mutated beasts. At their core, the Thousand Sons’ mastery of sorcery means they fight a war of flesh and blood, but also of psychic mastery – only the strongest enemy psykers can hope to match their potency.\r\n\r\nThis 96-page book will give you everything you need to launch a crusade of eldritch terror across the galaxy, and make the most of the myriad units available to you. In addition to the rules, you'll find loads of deep lore, stunning art, and expertly painted models to inspire you.\r\n\r\nInside this book, you'll find:\r\n\r\nThe history of the Thousand Sons, including their role in the Horus Heresy, their current strength in Warhammer 40,000, and sanity-shattering background on their master, Tzeentch\r\nA detailed description of the organisation and iconography of the Thousand Sons and the various Cults in their ranks\r\nA Thousand Sons bestiary with background details for every unit and Character featured\r\nA showcase of stunningly painted Citadel miniatures\r\nRules for units that are available to the armies of the Thousand Sons – including 25 datasheets\r\nStratagems, Relics, and optional secondary objectives that define the unusual tactics of the Thousand Sons\r\nA Crusade section providing Agendas, Chaos Boons, Psychic Fortitudes, Requisitions, Battle Traits, unique Discover the Arcane rules, and Crusade Relics for your Thousand Sons to collect\r\nLoads more\r\n\r\nYou will need a copy of the Warhammer 40,000 rulebook to use the rules included in this codex.", "price": "32.50", "in_stock": true, "available": "2", "new_arrival": false, "image_url": null, "image": "warhammer_40k_codex_thousand_sons.jpg"}}, {"model": "products.product", "pk": 37, "fields": {"category": 10, "sub_category": null, "name": "Warhammer 40K Combat Patrol Blood Angels", "sku": "wh4", "description": "The Blood Angels exemplify the image of the Angels of Death more so than any other Space Marines Chapter. But beneath their beatific and noble visage lies a murderous fury – a gene-curse dating back more than ten millennia, to the death of their winged Primarch Sanguinius at the hands of the Arch-traitor Horus. To witness the Blood Angels in battle is to behold the dichotomy of the Imperium’s majestic glory and capacity for apocalyptic violence made manifest.\r\n\r\nIf you seek to unleash the Angels of Death in their most destructive form, then Combat Patrol: Blood Angels will provide you with all the units you need to get you started! The contents of this set have been specifically chosen to provide you with an ideal Blood Angels force for Combat Patrol-sized games – approximately 25 Power Level's worth of miniatures.\r\n\r\nThe set includes the following multipart plastic units:\r\n1x Primaris Librarian (supplied with a Citadel 40mm Round Base)\r\n1x Impulsor (supplied with a Citadel 100mm Round Base and Tank Hover Stand)\r\n5x Primaris Intercessors (5 miniatures, each supplied with a Citadel 32mm Round Base)\r\n5x Primaris Incursors (5 miniatures, each supplied with a Citadel 32mm Round Base, can instead be assembled as Infiltrators)\r\n3x Primaris Aggressors (3 miniatures, each supplied with a Citadel 40mm Round Base)\r\n2x Blood Angels Primaris Upgrade Frames\r\nIn war, the Thousand Sons combine the might of stalwart Chaos Space Marines with throngs of cultists and mutated beasts. At their core, the Thousand Sons’ mastery of sorcery means they fight a war of flesh and blood, but also of psychic mastery – only the strongest enemy psykers can hope to match their potency.\r\n\r\nThis 96-page book will give you everything you need to launch a crusade of eldritch terror across the galaxy, and make the most of the myriad units available to you. In addition to the rules, you'll find loads of deep lore, stunning art, and expertly painted models to inspire you.\r\n\r\nInside this book, you'll find:\r\n\r\nThe history of the Thousand Sons, including their role in the Horus Heresy, their current strength in Warhammer 40,000, and sanity-shattering background on their master, Tzeentch\r\nA detailed description of the organisation and iconography of the Thousand Sons and the various Cults in their ranks\r\nA Thousand Sons bestiary with background details for every unit and Character featured\r\nA showcase of stunningly painted Citadel miniatures\r\nRules for units that are available to the armies of the Thousand Sons – including 25 datasheets\r\nStratagems, Relics, and optional secondary objectives that define the unusual tactics of the Thousand Sons\r\nA Crusade section providing Agendas, Chaos Boons, Psychic Fortitudes, Requisitions, Battle Traits, unique Discover the Arcane rules, and Crusade Relics for your Thousand Sons to collect\r\nLoads more\r\n\r\nYou will need a copy of the Warhammer 40,000 rulebook to use the rules included in this codex.", "price": "104.90", "in_stock": true, "available": "2", "new_arrival": false, "image_url": null, "image": "warhammer_40k_combat_patrol_blood_angels.jpg"}}, {"model": "products.product", "pk": 38, "fields": {"category": 10, "sub_category": null, "name": "Warhammer 40K Command Edition Starter Set", "sku": "wh5", "description": "Start playing Warhammer 40,000 with the Command Edition – a set designed to give you a comprehensive start with the world’s best sci-fi wargame. With models, rules, guides to help you begin and much more, this massive set takes the hassle out of kicking off your hobby – build your models, learn to play and have hours of fun with a friend or family member right out of the box.\r\n \r\nThis set contains:\r\n27 push fit plastic miniatures, only requiring clippers to assemble (we recommend Citadel Starter Set Clippers or Citadel Fine Detail Cutters – not included) – no glue, no mess – including:\r\nNecrons:\r\n1x Overlord: An imperious commander of the Necron phalanxes, the Overlord’s authority is absolute. The model comes supplied with a Citadel 40mm Round Base.\r\n10x Necron Warriors: The mainstay of the Necron phalanxes, these bipedal warriors obliterate their prey with relentless volleys of atomising gauss weaponry. Each model comes supplied with a Citadel 32mm Round Base and a choice of heads and weapons.\r\n3x Canoptek Scarab Swarms: Flying hordes of these insectile machines chew through armour, flesh and bone with impunity. Each swarm comes supplied with a Citadel 40mm Round Base.\r\n3x Skorpekh Destroyers: Swift and deadly hunters, Skorpekh Destroyers chase down their prey to carve them apart with their fearsome reaping blades. Each model comes supplied with a Citadel 50mm Round Base.\r\n1x Canoptek Plasmacyte: A cruel and calculating manipulator of tainted energy, the Plasmacyte is capable of sending its Destroyer kin into a killing frenzy. The model comes supplied with a Citadel 28mm Round Base.\r\nPrimaris Space Marines:\r\n1x Primaris Captain: A superlative commander and highly skilled warrior, a Primaris Captain is the commander of an entire company of his battle-brothers. The model comes supplied with a Citadel 40mm Round Base.\r\n5x Assault Intercessors: This squad of aggressive combatants tear their enemies apart in melee with reaping swings of their grinding chainswords. Each model comes supplied with a Citadel 32mm Round Base.\r\n3x Outriders: Take the fight to the enemy flanks from the back of armoured bikes with these far-ranging reconnaissance riders. Each model comes supplied with a Citadel 90mm Oval Base.\r\n\r\nThe Warhammer 40,000: Command Manual – Your guide to battle in the 41st Millennium. It contains an overview of the Warhammer hobby, in-depth background for your new models, and a step-by-step guide to building and battling with your forces, including all the rules you need for your first games.\r\nA 30\" by 22.4\" gaming board – Transform any kitchen table into an appropriately grim, dark warscape!\r\nPush fit plastic terrain designed to bring your tabletop to life, featuring a mixture of pipes and gothic ruins.\r\nRange rulers and dice – These essential accessories cover you for movement, shooting, close combat and more.\r\nDatasheets provide you with rules for all the models in the set, plus a set of expansion options for when you want to branch out with new kits.\r\nA Space Marines Transfer Sheet with over 600 transfers, designed to make adding Chapter-specific details, squad insignia, kill markings, and more simple – perfect for when you want to finish off your painted models!\r\nWarhammer 40,000: The Rules book, your complete guide to the Warhammer 40,000 tabletop wargame. Taking all the rules content from the Core Book (available separately), this book is ideal for when you're ready to expand your army and battle other players, including options for narrative, matched and open play, loads of missions to get stuck into, and more!", "price": "127.90", "in_stock": true, "available": "4", "new_arrival": false, "image_url": null, "image": "warhammer_40k_command_eddition_starter_set.jpg"}}, {"model": "products.product", "pk": 39, "fields": {"category": 10, "sub_category": null, "name": "Warhammer 40K Eldritch Omens", "sku": "wh6", "description": "Swift and savage battle erupts upon the warp-cursed world of Daethe, as Autarch Ghaelyn leads the warriors of Saim-Hann against the Black Legionnaires of Warpsmith D'vok the Unmaker. Deep within the war-torn Nachmund, these two warbands clash over a mighty prize of souls, and a dread technology that could bring damnation down upon an entire race. With the jaws of a warp storm swiftly closing about them and the stakes impossibly high, desperate measures and terrible sacrifices will be required to achieve victory.\r\n\r\nThis box is packed with new miniatures for both the Craftworld Aeldari and Heretic Astartes. Every Asuryani model, and all of the Chaos Space Marines excluding the Forgefiend, is freshly updated based on classic designs and stylings. This battlebox is the only place to get them right now, and the 32-page booklet will give you rules and missions with which to pit them against each other in brutal combat. Eldritch Omens is a great way to start a new project or add to your existing armies – alternatively, split it with a friend, and play out the campaign missions together! Plus, with the multipart kits in the box, you’ll have all sorts of extra bits left over to customise the rest of your army.\r\n\r\nInside, you’ll find 16 plastic Citadel miniatures, including:\r\n- 1x Autarch, including multiple head options, two torsos, and a wide variety of wargear based on various Aspect Warrior shrines\r\n- 3x Shroud Runners, sleek dual-crewed jetbikes, combining the firepower of Rangers with incredible speed\r\n- 5x Rangers, with plenty of options for different heads and specialised equipment\r\n- 1x Craftworlds transfer sheet\r\n- 1x Warpsmith, with head, accessory, and weapon options\r\n- 5x Chosen, including loads of options for different heads, weapons, and gear\r\n- 1x Forgefiend, which can alternatively be built as a Maulerfiend\r\n- 1x Chaos Space Marines transfer sheet\r\n\r\nThe set also contains a 32-page Eldritch Omens campaign book including new background, missions, and rules for both Craftworld Aeldari and Heretic Astartes units. This book contains datasheets for all the models in the box, two missions, the Goliath Down theatre of war, and Crusade rules for both factions. New and existing players will find plenty of fresh gaming options, making this an ideal choice for all collectors.\r\n\r\nThe above units are supplied with 1x 120mm oval base, 1x 60mm oval base, 1x 25mm round base, 3x large flying bases, 5x 28mm round bases, and 6x 32mm round bases.\r\n\r\nThese miniatures are supplied unpainted and require assembly – we recommend using Citadel Plastic Glue and Citadel paints.", "price": "139.90", "in_stock": true, "available": "3", "new_arrival": false, "image_url": null, "image": "warhammer_40k_eldritch_omens.jpg"}}, {"model": "products.product", "pk": 40, "fields": {"category": 11, "sub_category": null, "name": "Warhammer Age of Sigmar Maggotkin of Nurgle - Plaguebearers", "sku": "whas1", "description": "Plaguebearers are the rank and file of Nurgle's legions. These loathsome Lesser Daemons are crafted from the blighted soul-stuff of mortals who have been slain by Nurgle's Rot. A Plaguebearer carries the marks of Nurgle's Rot through eternity. What little of its skin that can be seen beneath the discharge of innumerable sores tinged with suppurant greens and vile browns.\r\n\r\nEach of these ten Plaguebearers of Nurgle can be constructed in their own unique stomach-churning manner. Each combination possesses several disgusting details of note: sores of varying sizes; severed heads for trophies, which they carry in their hands; the occasional Nurgling somehow poking through their skin, or yanking on entrails; exposed tendons and bones; horns protruding from their heads. Each possesses many rows of sharp teeth and, for the most part, just the one eye – though some have more – and they each grasp rusted, infectious blades called Plagueswords.\r\n\r\nThis multi-part plastic kit contains the 74 components, with which to make 10 Plaguebearers of Nurgle. The kit contains enough components to assemble a command group, including a Herald of Nurgle, a musician and a standard bearer. Supplied with 10 Citadel 32mm Round bases.", "price": "27.90", "in_stock": true, "available": "5", "new_arrival": false, "image_url": null, "image": "maggotkin_of_nurgle_plaguebearers.jpg"}}, {"model": "products.product", "pk": 41, "fields": {"category": 11, "sub_category": null, "name": "Warhammer Age ofSigmar Soulblight Gravelords - Blood Knights", "sku": "whas2", "description": "Some vampires dedicate their eternal lives to the mastery of one pursuit, and those determined to become peerless warriors invariably end up among the ranks of the Blood Knights. Atop their hulking undead nightmare mounts and clad in thick plate armour, these martial experts are unstoppable on the charge and take a supreme satisfaction in trampling lesser mortal soldiers beneath them.\r\n\r\nAs elite knights riding at the head of the Soulblight Gravelords' armies, Blood Knights have perfected the art of barreling straight through formations of enemy troops, spearing and slashing as they go. Their armour and powerful physiques make them durable fighters in melee combat, and thanks to the Soulblight curse they are even able to restore their vitality once the blood starts flowing.\r\n\r\nThe kit is comprised of 67 plastic components, with which you can assemble 5 Blood Knights armed with either templar lances or blades, and with a choice of helmeted or unhelmeted heads. One can be assembled as a Kastellan unit leader equipped with a unique helmet, winged armour, and mace weapon arm, and one can be assembled as a Standard Bearer. These models are supplied with 5x Citadel 75mm Oval Bases.", "price": "45.90", "in_stock": true, "available": "2", "new_arrival": false, "image_url": null, "image": "soulblight_gravelords_blood_knights.jpg"}}, {"model": "products.product", "pk": 42, "fields": {"category": 11, "sub_category": null, "name": "Warhammer Age of Sigmar Dominion", "sku": "whas3", "description": "The Soul Wars are over, but a new conflict brews in the Realm of Beasts.\r\n\r\nIt is a time of great change in the Mortal Realms. A surge of life sweeps across the eight realms to force back the tide of death left in the Necroquake’s wake, and the forces of Order waste no time in laying claim to the newly rejuvenated land. But with Kragnos, god of Destruction, released from his prison and leading a vengeful rampage across Ghur, the Stormcast Eternals must fight their toughest battles yet to safeguard the pioneering Dawnbringer Crusades.\r\n\r\nIf you’re looking to plunge headfirst into the new edition of Warhammer Age of Sigmar, look no further than this glorious boxed set. Warhammer Age of Sigmar: Dominion comes complete with two powerful armies, pitting the reforged Stormcast Eternals against the emerging threat of the Kruleboyz – cunning and deadly orruks native to the swamps of Ghur. The set also includes a Dominion-exclusive version of the Warhammer Age of Sigmar Core Book, which provides extensive background information on the game’s fantastical setting as well as a full set of rules for playing thrilling games with your Citadel miniatures.\r\n\r\nThis boxed set includes:\r\n1x 360-page Warhammer Age of Sigmar Core Book (Hardback):\r\nDiscover the lore of Warhammer Age of Sigmar and learn to master magnificent armies of valiant warriors, wild daemons, and more on the battlefield. This vast tome of knowledge includes all of the game’s core rules, three different styles of gameplay suitable for players of every level, variant game types for siege battles and tunnel fighting, and much more.\r\n\r\n1x 24-page Start Here booklet – War at Amberstone Watch:\r\nThis supplementary booklet is exclusive to the Dominion box and provides newcomers with the perfect starting point for the Warhammer Age of Sigmar hobby, including the story and gameplay rules for a fateful clash between the Stormcast Eternals and Kruleboyz included in the box.\r\n\r\n60x Plastic Push-fit Citadel Miniatures:\r\nAt the heart of the Dominion set are two armies of brand new miniatures, each cleverly designed so they can be pushed together without the need for glue. Each force includes a flexible range of powerful units armed with devastating weaponry and wargear, and they can easily be bolstered with additional reinforcements to act as the elite core of a larger army. These models include:\r\n21x Stormcast Eternals\r\nThe chosen champions of Sigmar, plucked from their mortal bodies at the moment of their death and reforged as shining heroes clad in thick golden armour. Each Stormcast Eternal is a nigh-immortal warrior capable of fighting hordes of the fiercest monsters and emerging victorious.\r\n\r\n1x Yndrasta, the Celestial Spear: Yndrasta is one of the most storied champions of Sigmar, charged with leading the God-King's forces across Ghur and serving as his ultimate beastslayer. The model comes supplied with a Citadel 65mm Round Base.\r\n1x Lord-Imperatant with 1x Gryph-hound: Lord-Imperatants are amongst the greatest of Sigmar’s strategists. Each is a formidable warrior in their own right, their most notable strength lies in their ability to lead their forces as one unstoppable war engine. The model comes supplied with a Citadel 40mm Round Base and a Citadel 32mm Round Base.\r\n1x Knight-Vexillor with Banner of Apotheosis: Knights-Vexillor are granted the right to bear a Banner of Apotheosis, infused with the forge-magics of Grungni. The model comes supplied with a Citadel 40mm Round Base.\r\n3x Praetors: Praetor retinues are amongst the finest bodyguards in all the realms, linked to their ward at an arcane level. These models come supplied with 3x Citadel 40mm Round Bases.\r\n1x Knight-Arcanum: Members of the mysterious Valedictor temple, Knights-Arcanum are unknowable but potent mages charged with protecting recovered ancient lore. The model comes supplied with a Citadel 40mm Round Base.\r\n3x Annihilators: Dispatched to unleash Sigmar’s destructive wrath, Annihilators thunder into the enemy with such force that they scatter their foes like matchsticks. These models come supplied with 3x Citadel 40mm Round Bases.\r\n10x Vindictors: Dauntless warriors of the Redeemer conclaves, the Vindictors are the shieldwall upon which the forces of ruin shatter. These models come supplied with 10x Citadel 40mm Round Bases.\r\n39x Kruleboyz\r\nEmboldened by the arrival of Kragnos and eager to spread beyond the borders of their ancestral swamps, the Kruleboyz are a vicious, cunning breed of orruk who enjoy nothing more than laying their enemies low with the sneakiest, most underhanded tactics they can devise.\r\n\r\n1x Killaboss on Great Gnashtoof: Particularly storied Killabosses can procure all manner of terrifying, swamp-dwelling mounts from the Beast-breakaz to show off their status. The model comes supplied with a Citadel 105mm Oval Base.\r\n1x Murknob with Belcha-banna: Murknobs are champion warriors among the Kruleboyz, and they revel in taking the heads of their adversaries – honestly or otherwise. The model comes supplied with a Citadel 40mm Round Base.\r\n1x Swampcalla Shaman with 1x Pot-grot: Even for Kruleboyz, Swampcalla Shamans are foul creatures. These spell-flingers have an innate connection to the mires they inhabit, which they channel into noisome spells of debilitation while brewing up vile elixirs to aid their green-skinned kin. The model comes supplied with a Citadel 40mm Round Base and a Citadel 25mm Round Slotta Base.\r\n1x Killaboss with 1x Stab-grot: Killabosses are the warlords of the Kruleboyz. Each has wrested their position from rivals by being not only a potent warrior but also possessed of true Morkish kunnin’. The model comes supplied with a Citadel 40mm Round Base and a Citadel 25mm Round Slotta Base.\r\n3x Man-skewer Boltboyz: The fiendish poisoned crossbows wielded by the Man-skewer Boltboyz are powerful enough to take down a charging grunta with one shot. These models come supplied with 3x Citadel 32mm Round Bases.\r\n10x Gutrippaz: Gutrippaz form the slimy heart of the Kruleboyz. These mobs of spear-wielding greenskins are known for their vicious kunnin’ and the spiteful amusement they find in laying low the enemy with their wicked, poisoned weapons. These models come supplied with 10x Citadel 32mm Round Bases.\r\n20x Hobgrot Slittaz: These malicious little brutes delight in eviscerating the foe with their slitta-knives and employing explosive devices pilfered from their duardin paymasters. These models come supplied with 20x Citadel 25mm Round Slotta Bases.\r\n14x Warscroll Cards and 2x Allegiance Ability Cards:\r\nQuickly look up the stats and abilities of your Citadel miniatures with these reference cards, ensuring you’ll never need to go digging through a book right in the middle of an exciting game.\r\n\r\nWarhammer Age of Sigmar: Dominion is only available while stocks last, so don’t hesitate to order your set today.", "price": "143.90", "in_stock": true, "available": "3", "new_arrival": false, "image_url": null, "image": "warhammer_age_of_sigmar_dominion.jpg"}}, {"model": "products.product", "pk": 43, "fields": {"category": 11, "sub_category": null, "name": "Warhammer Age of Sigmar Lumineth Realm-Lords - Vanari Auralan Sentinels", "sku": "whas4", "description": "Master archers, the Auralan Sentinels wield complex aelven bows that can either fire straight and true or loft arrows high in the air to curve down onto distant foes. When their High Sentinel channels power into their arrowheads, they are all the more lethal.\r\n\r\nAuralan Sentinels are a superb ranged unit in your Lumineth Realm-lords army, capable of bombarding enemies at long range with hails of arrows. Enhanced with magical power, they'll make short work of even heavily armoured foes. Meanwhile, the unit's Scryhawk Lantern ensues that none can hide from their fusillades.\r\n\r\nThis kit builds 10 Auralan Sentinels, in a variety of interchangeable and customisable designs. Thanks to a choice of bows, quivers and more, you’ll be able to ensure that even the most massive line of archers looks distinct. This kit also contains the options to build one Auralan Sentinel as a High Sentinel with a Scryhawk Lantern.", "price": "39.90", "in_stock": true, "available": "7", "new_arrival": false, "image_url": null, "image": "lumineth_realm_lords_vanari_auralan_sentinels.jpg"}}, {"model": "products.product", "pk": 44, "fields": {"category": 11, "sub_category": null, "name": "Warhammer Age of Sigmar Vanguard Sylvaneth", "sku": "whas5", "description": "The air sings with glorious life magic as the children of Alarielle surge into battle. Embittered noble spirits command the fury of the forest, hissing Branchwyches leading from the front as verdant wyldwoods burst forth from the heaving ground. Mighty wargroves advance in defence of life itself, Tree-Revenants striking without warning as relentless Kurnoth Hunters and ancient Treelords crush enemies with inexorable, arboreal strength.\r\n\r\nThis box is a fantastic starting point for a Sylvaneth army – or a great way to expand an existing collection – and will save you money over buying the kits individually. It includes a fearsome Branchwych to lead your force, along with a Battleline of Tree-Revenants and Kurnoth Hunters that can be built in a variety of ways, backed up by a towering Treelord. It’s a complete and versatile army in a box, ready to topple even the fiercest foes in your games of Warhammer Age of Sigmar.\r\n\r\nThis set includes the following multipart plastic models:\r\n1x Branchwych\r\n1x Treelord, which can also be built as a Treelord Ancient or Spirit of Durthu\r\n3x Kurnoth Hunters, which can be built with Kurnoth Greatswords, Greatbows, or Scythes\r\n5x Tree-Revenants, which can also be built as Spite-Revenants\r\n\r\nAll models are supplied with their appropriate bases.\r\n\r\nThese miniatures are supplied unpainted and require assembly – we recommend using Citadel Plastic Glue and Citadel Colour paints", "price": "92.00", "in_stock": true, "available": "3", "new_arrival": false, "image_url": null, "image": "warhammer_age_of_sigmar_vanguard_sylvaneth.jpg"}}, {"model": "products.product", "pk": 45, "fields": {"category": 11, "sub_category": null, "name": "Warhammer Age of Sigmar Warcry Core Book", "sku": "whsa6", "description": "In the tangled depths of the deadly Gnarlwood, rival warbands battle over territory and plunder!\r\n\r\nEnter the grim world of Warcry in the Core Book – your guide to fast-paced skirmish combat in the Gnarlwood, a bizarre jungle in the Realm of Beasts. This book contains all the core rules for the second edition of Warcry, including new rules that give you even more opportunities to react to the ebb and flow of battle, as well as expansion options for open, narrative, and matched play. Campaigns and quests will allow you to grow an inexperienced warband into a legendary force, renowned throughout Ghur and beyond – there's also a wealth of lore on the hungry Gnarlwood and fabled Talaxis, a foreboding ruin rumoured to contain ancient artefacts that can alter reality itself.\r\n\r\nThis book is an essential companion for anyone setting out to explore the Gnarlwood – whether you're an experienced player or founding your first warband.\r\n\r\nThis 160-page softcover book contains:\r\n\r\nBackground material and sumptuous art to immese you in the horrifying Gnarlwood\r\nThe complete core rules for Warcry, all you need to play this skirmish combat game\r\nNew rules for Reactions, allowing more dynamic and aggressive gameplay\r\nRules for open play, including two types of multiplayer battles for three or more players: Coalition of Death and Triumph & Treachery\r\nRules for matched play, including guidelines to balance your battleplans and advice on how to run a tournament\r\nRules for narrative play that allow you to run thrilling campaigns and forge epic stories where your warband progresses in power and notoriety\r\nA campaign section featuring quests and rewards for all Warcry factions, plus two full campaign arcs: The Path of Ven Talax and The Chotec Valley\r\nAn open-ended battleplan generator, allowing you to quickly and easily set up a game with any scenery in your collection", "price": "32.00", "in_stock": true, "available": "7", "new_arrival": false, "image_url": null, "image": "warhammer_age_of_sigmar_warcry_core_book.jpg"}}, {"model": "products.product", "pk": 46, "fields": {"category": 12, "sub_category": null, "name": "Dungeons & Dragons Critical Hit Snapback", "sku": "ma1", "description": "Fabric:\r\n85% Polyester\r\n15% Cotton", "price": "15.00", "in_stock": true, "available": "9", "new_arrival": false, "image_url": null, "image": "dungeons_dragons_critical_hit_snapback.jpg"}}, {"model": "products.product", "pk": 47, "fields": {"category": 12, "sub_category": null, "name": "Fallout Vault Boys Charisma T-Shirt blue", "sku": "ma2", "description": "In the post-apocalyptic video games series Fallout the Vault Boy is one's constant companion. The Vault Boy character is Vault-Tec's mascot and with this a frequently recurring element in Vault-Tec related items as for example the PIP-Boy, Personal Information Processor Boy. This premium T-Shirt shows the charismatic Vault Boy. High quality, 100% pre-shrunk cotton for a long lasting fit, even after being washed several times. All Artworks are original designs and printed in a very durable silk screen procedure.\r\n\r\nOfficially Licensed Fallout T-shirt\r\n\r\n100% Cotton", "price": "15.00", "in_stock": true, "available": "4", "new_arrival": false, "image_url": null, "image": "fallout_blue.jpg"}}, {"model": "products.product", "pk": 48, "fields": {"category": 12, "sub_category": null, "name": "Fortnite Hoodie black", "sku": "ma3", "description": "Long-sleeved 'lightweight' sweatshirt\r\n\r\nMaterial: 80% cotton / 20% polyester.", "price": "30.00", "in_stock": true, "available": "3", "new_arrival": false, "image_url": null, "image": "fortnite_hoodie_black.jpg"}}, {"model": "products.product", "pk": 49, "fields": {"category": 12, "sub_category": null, "name": "Magic the Gathering Wizards Hoodie", "sku": "ma4", "description": "Fabric:\r\n100% Cotton", "price": "44.00", "in_stock": true, "available": "5", "new_arrival": false, "image_url": null, "image": "magic_the_gathering_wizards_hoodie.jpg"}}, {"model": "products.product", "pk": 50, "fields": {"category": 12, "sub_category": null, "name": "Magic The Gathering Wizards Logo T-shirt", "sku": "ma5", "description": "Magic: The Gathering black t-shirt with embroidered logo on chest and screen printed vertical logo at back.\r\n\r\nFabric:\r\n100% Cotton", "price": "20.00", "in_stock": true, "available": "11", "new_arrival": false, "image_url": null, "image": "t-shirt_black.jpg"}}, {"model": "products.product", "pk": 51, "fields": {"category": 12, "sub_category": null, "name": "Pokemon Olympics Hero Snapback", "sku": "ma6", "description": "", "price": "20.00", "in_stock": true, "available": "5", "new_arrival": false, "image_url": null, "image": "pokemon_olympics_hero_snapback.jpg"}}, {"model": "products.product", "pk": 52, "fields": {"category": 13, "sub_category": null, "name": "Magic the Gathering Fire Mana Metal Keychain", "sku": "mo1", "description": "Officially licensed Magic the Gathering keychain with Fire Mana design.\r\n\r\nMaterial: 100% Zinc Alloy", "price": "9.90", "in_stock": true, "available": "100", "new_arrival": false, "image_url": null, "image": "magic_the_gathering_fire_mana_metal_keychain.jpg"}}, {"model": "products.product", "pk": 53, "fields": {"category": 13, "sub_category": null, "name": "Pokemon 3D Eevee Ceramic Mug", "sku": "mo2", "description": "With this Pokémon 3D mug by GB Eye, enjoy your favorite drink with Eevee!\r\n \r\nSize: approximately 500 ml.\r\nMaterial: ceramic.\r\nNot suitable with microwave and dishwasher.", "price": "21.90", "in_stock": true, "available": "4", "new_arrival": false, "image_url": null, "image": "pokemon_3d_eevee_ceramic_mug.jpg"}}, {"model": "products.product", "pk": 54, "fields": {"category": 13, "sub_category": null, "name": "Pokemon Sleeping Eevee Plush", "sku": "mo3", "description": "Pikachu, I snooze you! Time to cuddle up with this massive ~46cm Sleeping Eevee Plush! This large-scale Eevee features a super soft fabric exterior and a fluffy filling that makes it ideal for playing, napping, or snuggling! With its special sleeping pose, this Eevee plush is one of a kind! It’s the perfect addition to your Pokémon team or existing collection of plush pals. Gotta Catch ‘Em All!™ Suitable from 2 years.\r\n\r\nWith its special sleeping pose, this Eevee plush is one of a kind! It’s the perfect addition to your Pokémon team or existing collection of plush pals.", "price": "59.90", "in_stock": true, "available": "7", "new_arrival": false, "image_url": null, "image": "pokemon_sleeping_eevee_plush.jpg"}}, {"model": "products.product", "pk": 55, "fields": {"category": 13, "sub_category": null, "name": "Star Wars The Mandalorian The Child Plush", "sku": "mo4", "description": "Baby Yoda, the charming character from the Disney+ Star Wars: The Mandalorian series, 25cm plush made of extra soft material and is a true plush replica of the character “Baby Yoda” (age: 50 years), which has become an icon of the pop culture", "price": "24.00", "in_stock": true, "available": "6", "new_arrival": false, "image_url": null, "image": "star_wars_the_mandalorian_the_child_plush.jpg"}}, {"model": "products.product", "pk": 56, "fields": {"category": 13, "sub_category": null, "name": "Super Mario Bros Ceramic Mug", "sku": "mo5", "description": "Official Super Mario Bros merchandise\r\nPerfect for fans of the hit Nintendo game\r\nHigh quality ceramic mug featuring detailed wrap around Super Mario Bros design\r\nComes packaged in a presentation box", "price": "9.90", "in_stock": true, "available": "7", "new_arrival": false, "image_url": null, "image": "super_mario_bros_ceramic_mug.jpg"}}, {"model": "products.product", "pk": 57, "fields": {"category": 14, "sub_category": null, "name": "Dice Bag Large Blue", "sku": "gad1", "description": "Looking for an easy way to carry your dice around? Look no further! Our oakie doakie dice bag with snap and clap closure are just what you need. They come in various colours and two different size options so no dice are left behind.\r\n\r\n\"SNAP AND CLAP\" SEAL\r\nNo muss, no fuss - open and close your dice bag without a zipper that gets stuck half way or drawstrings that get tangled up. Makes it even more easy and convenient to bring the dice with you where ever you go!\r\n\r\nSIZES\r\nDo you want to bring many dice or just a few special ones? We have two different size options you can choose from. Small (95 x 115 mm) and Large (105 x 128 mm). Just grab the right size bag and off you go.", "price": "7.90", "in_stock": true, "available": "9", "new_arrival": false, "image_url": null, "image": "dice_bag_large_blue.jpg"}}, {"model": "products.product", "pk": 58, "fields": {"category": 14, "sub_category": null, "name": "Dice Set D20 Spindown - Marble Selection", "sku": "gad2", "description": "Our D20 Spindown dice make counting much easier.\r\nThis set includes 5 D20 spindown.", "price": "9.90", "in_stock": true, "available": "5", "new_arrival": false, "image_url": null, "image": "dice_set_d20_spindown_marble_selection_5pcs..jpg"}}, {"model": "products.product", "pk": 59, "fields": {"category": 14, "sub_category": null, "name": "Healing Potion D4 (10pcs)", "sku": "gad3", "description": "10 D4 dice in a quality glas yar with a kork lid. The perfect solution for every RPG group.", "price": "9.90", "in_stock": true, "available": "7", "new_arrival": false, "image_url": null, "image": "healing_potion_d4_10pcs.jpg"}}, {"model": "products.product", "pk": 60, "fields": {"category": 14, "sub_category": null, "name": "MDG - Velvet Dice Bag With Pockets Nebula", "sku": "gad4", "description": "A dice bag for a true dice collector! These dice bags have separated pockets to organize and store your dice. Made with soft velvet, each bag can store over 150 standard dice.", "price": "17.90", "in_stock": true, "available": "3", "new_arrival": false, "image_url": null, "image": "mdg_velvet_dice_bag_with_pockets_nebula.jpg"}}, {"model": "products.product", "pk": 61, "fields": {"category": 14, "sub_category": null, "name": "RPG-Set Glow In The Dark Biohazard", "sku": "gad5", "description": "", "price": "14.90", "in_stock": true, "available": "6", "new_arrival": false, "image_url": null, "image": "rpg_set_glow_In_the_dark_biohazard.jpg"}}, {"model": "products.product", "pk": 62, "fields": {"category": 14, "sub_category": null, "name": "RPG-Set Marble Purple", "sku": "gad6", "description": "", "price": "5.90", "in_stock": true, "available": "5", "new_arrival": false, "image_url": null, "image": "RPG-Set_Marble_Purple.jpg"}}, {"model": "products.product", "pk": 63, "fields": {"category": 14, "sub_category": null, "name": "RPG-Set Transclusent Red", "sku": "gad7", "description": "", "price": "5.90", "in_stock": true, "available": "4", "new_arrival": false, "image_url": null, "image": "RPG-Set_Transclusent_Red.jpg"}}, {"model": "products.product", "pk": 64, "fields": {"category": 15, "sub_category": null, "name": "Warhammer Citadel Apothecary White Contrast Paint", "sku": "pb1", "description": "Contrast is a revolutionary paint that makes beautiful painting simple and fast. Each Contrast paint, when applied over a light Contrast undercoat, gives you a vivid base and realistic shading all in a single application.\r\n\r\nAll of our paints are non-toxic, water-based acrylic that are designed for use on plastic, metal, and resin Citadel miniatures. One pot contains 18ml of contrast paint.", "price": "6.90", "in_stock": true, "available": "10", "new_arrival": false, "image_url": null, "image": "contrast_apothecary_white.jpg"}}, {"model": "products.product", "pk": 65, "fields": {"category": 15, "sub_category": null, "name": "Warhammer Citadel Chaos Black Primer Spray Paint", "sku": "pb2", "description": "Citadel Colour spray cans are designed for undercoating metal and plastic models. The purpose of the undercoat is twofold: it acts as a primer and it provides a flat base colour to paint onto. You will find that a spray finish is far flatter and better to paint onto than a brushed undercoat.\r\n\r\nThis can contains 400ml of black undercoat.", "price": "14.90", "in_stock": true, "available": "7", "new_arrival": false, "image_url": null, "image": "primer_chaos_black.jpg"}}, {"model": "products.product", "pk": 66, "fields": {"category": 15, "sub_category": null, "name": "Warhammer Citadel Gore-Grunta Fur Contrast Paint", "sku": "pb3", "description": "Contrast is a revolutionary paint that makes beautiful painting simple and fast. Each Contrast paint, when applied over a light Contrast undercoat, gives you a vivid base and realistic shading all in a single application.\r\n\r\nAll of our paints are non-toxic, water-based acrylic that are designed for use on plastic, metal, and resin Citadel miniatures. One pot contains 18ml of contrast paint.", "price": "6.90", "in_stock": true, "available": "8", "new_arrival": false, "image_url": null, "image": "gore_grunt_fur.jpg"}}, {"model": "products.product", "pk": 67, "fields": {"category": 15, "sub_category": null, "name": "Warhammer Citadel Gutrippa Flesh Contrast Paint", "sku": "pb4", "description": "Contrast is a revolutionary paint that makes beautiful painting simple and fast. Each Contrast paint, when applied over a light Contrast undercoat, gives you a vivid base and realistic shading all in a single application.\r\n\r\nAll of our paints are non-toxic, water-based acrylic that are designed for use on plastic, metal, and resin Citadel miniatures. One pot contains 18ml of contrast paint.", "price": "6.90", "in_stock": true, "available": "6", "new_arrival": false, "image_url": null, "image": "contrast_gutrippa_flesh.jpg"}}, {"model": "products.product", "pk": 68, "fields": {"category": 15, "sub_category": null, "name": "Warhammer Citadel Imperial Fist Contrast Pain", "sku": "pb5", "description": "Contrast is a revolutionary paint that makes beautiful painting simple and fast. Each Contrast paint, when applied over a light Contrast undercoat, gives you a vivid base and realistic shading all in a single application.\r\n\r\nAll of our paints are non-toxic, water-based acrylic that are designed for use on plastic, metal, and resin Citadel miniatures. One pot contains 18ml of contrast paint.", "price": "6.90", "in_stock": true, "available": "4", "new_arrival": false, "image_url": null, "image": "contrast_imperial_fist.jpg"}}, {"model": "products.product", "pk": 69, "fields": {"category": 15, "sub_category": null, "name": "Warhammer Citadel M Layer Brush", "sku": "pb6", "description": "This medium brush (M Layer) - perfect for layering - is hand made, with pure sable bristles in a fine point meaning exceptional control over details. The size makes it perfect for layering surfaces, and getting those effects that make your friends go ‘wow’.", "price": "6.90", "in_stock": true, "available": "11", "new_arrival": false, "image_url": null, "image": "m_layer_brush.jpg"}}, {"model": "products.product", "pk": 70, "fields": {"category": 15, "sub_category": null, "name": "Warhammer Citadel Mephiston Red Spray Paint", "sku": "pb7", "description": "Citadel Colour spray cans are designed for undercoating metal and plastic models. The purpose of the undercoat is twofold: it acts as a primer and it provides a flat base colour to paint onto. You will find that a spray finish is far flatter and better to paint onto than a brushed undercoat.\r\n\r\nThis can contains 400ml of Mephiston Red undercoat.", "price": "15.90", "in_stock": true, "available": "5", "new_arrival": false, "image_url": null, "image": "primer_mephiston_red.jpg"}}, {"model": "products.product", "pk": 71, "fields": {"category": 15, "sub_category": null, "name": "Warhammer Citadel Synthetic S Base Brush", "sku": "pb8", "description": "Small enough to fit into all sorts of tight nooks and crannies, the S Base brush is perfect for getting Citadel Base paints onto areas surrounded by colours you want to keep just as they are. As a smaller-pointed brush, they're also excellent for edge highlighting your models, and adding finishing details like script and glass lenses.\r\n\r\nAs a Citadel STC brush, the bristles have been made out of the finest 100% synthetic fibres Games Workshop have ever produced, helping to maintain the ideal brush shape and prevent curling at the tip. This brush has been carefully designed to work with regular-sized miniatures. It's an excellent companion to regular Citadel brushes, designed to work perfectly with the Citadel Colour paint range.", "price": "4.90", "in_stock": true, "available": "4", "new_arrival": false, "image_url": null, "image": "base_brush.jpg"}}, {"model": "products.product", "pk": 72, "fields": {"category": 15, "sub_category": null, "name": "Warhammer Citadel Synthetic S Layer Brush", "sku": "pb9", "description": "For intricate details and edge highlights, look no further than the S Layer brush. Made with precision to get you into even the tightest crevasses, this brush is absolutely essential for novice and experienced hobbyists alike.\r\n\r\nAs a Citadel STC brush, the bristles have been made out of the finest 100% synthetic fibres Games Workshop have ever produced, helping to maintain the ideal brush shape and prevent curling at the tip. This brush has been carefully designed to paint the finest miniature details. It's an excellent companion to regular Citadel brushes, and designed to work perfectly with the Citadel Colour paint range.", "price": "4.90", "in_stock": true, "available": "12", "new_arrival": false, "image_url": null, "image": "layer_brush.jpg"}}, {"model": "products.product", "pk": 73, "fields": {"category": 15, "sub_category": null, "name": "Warhammer Citadel Ultramarine Blue Contrast Paint", "sku": "pb10", "description": "Contrast is a revolutionary paint that makes beautiful painting simple and fast. Each Contrast paint, when applied over a light Contrast undercoat, gives you a vivid base and realistic shading all in a single application.\r\n\r\nAll of our paints are non-toxic, water-based acrylic that are designed for use on plastic, metal, and resin Citadel miniatures. One pot contains 18ml of contrast paint.", "price": "6.90", "in_stock": true, "available": "15", "new_arrival": false, "image_url": null, "image": "contrast_ultramarine_blue.jpg"}}, {"model": "products.product", "pk": 74, "fields": {"category": 16, "sub_category": null, "name": "Dragon Shield Standard Size - Brushed Art Starry Night 100pc", "sku": "s1", "description": "Gorgeous Starry Night artwork on a lightly textured Brushed back by Vincent van Gogh. Dragonized by Godfrey Escota.\r\nA highly requested reprint from Volume II of the popular Dragons in Art series.\r\n\r\nDragon Shield Art Sleeves are printed directly onto the sleeve and do not peel or split. Brushed sleeves have a lightly textured back giving them a buttery smooth shuffle feel which lets cards glide effortlessly.\r\nThe sturdy cardboard box fits 75+ single sleeved cards or 65+ double sleeved cards.\r\nEvery box has a label at the top of the box for personalization and organization.\r\nGreat card sleeves for TCGs like MTG, Pokemon, Flesh & Blood or Digimon!", "price": "13.00", "in_stock": true, "available": "8", "new_arrival": false, "image_url": null, "image": "dragon_shield_standard_brushed_art_starry_night.jpg"}}, {"model": "products.product", "pk": 75, "fields": {"category": 16, "sub_category": null, "name": "Dragon Shield Standard Size - Matte Black 100pc", "sku": "s2", "description": "Black ‘Rhipodon’ Matte – 100 Standard Size\r\nClear front & Black back. Modest and arrogant. Ready for combat.\r\nMatte sleeves are our popular line of textured Dragon Shield with superior handling. A perfect mix of durability and shuffle-ability.\r\n100 sleeves per box.\r\nFor cards measuring up to 63×88 mm (2½”x3½”).\r\nPVC-free polypropylene sleeves, no acid. Archival safe.\r\n120 μm quality thickness.\r\nSturdy cardboard box fits 75+ sleeved cards.\r\nBox lid has a label for your personal use.\r\nDesigned for use with Magic the Gathering™, Pokémon™ and other card games.", "price": "11.00", "in_stock": true, "available": "5", "new_arrival": false, "image_url": null, "image": "dragon_shield_standard_size_matte_black.jpg"}}, {"model": "products.product", "pk": 76, "fields": {"category": 16, "sub_category": null, "name": "Dragon Shield Standard Size - Matte Crimson 100pc", "sku": "s3", "description": "Crimson ‘Logi’ Matte – 100 Standard Size\r\n\r\nClear front & Matte Crimson back. The royal flames of duty and honor.\r\nMatte sleeves are our popular line of textured Dragon Shield with superior handling. A perfect mix of durability and shuffle-ability.\r\n100 sleeves per box.\r\nFor cards measuring up to 63×88 mm (2½”x3½”).\r\nPVC-free polypropylene sleeves, no acid. Archival safe.\r\n120 μm quality thickness.\r\nSturdy cardboard box fits 75+ sleeved cards.\r\nBox lid has a label for your personal use.\r\nDesigned for use with Magic the Gathering™, Pokémon™ and other card games.", "price": "11.00", "in_stock": true, "available": "8", "new_arrival": false, "image_url": null, "image": "dragon_shield_standard_matte_crimson.jpg"}}, {"model": "products.product", "pk": 77, "fields": {"category": 16, "sub_category": null, "name": "Dragon Shield Standard Size - Perfect-Fit Clear 100pc", "sku": "s4", "description": "Clear front & Clear back. Straight forward and un-obtrusive.\r\nAdd Perfect Fit sleeves for maximum card protection. Perfect Fit sleeves fit cards even closer, and go inside all Standard Size Dragon Shields.\r\n100 inner sleeves per bag.\r\nFor cards measuring up to 63×88 mm (2½”x3½”).\r\nPVC-free polypropylene sleeves, no acid. Archival safe.\r\n60 μm quality thickness.", "price": "4.50", "in_stock": true, "available": "7", "new_arrival": false, "image_url": null, "image": "dragon_shield_standard_size__clear.jpg"}}, {"model": "products.product", "pk": 78, "fields": {"category": 16, "sub_category": null, "name": "Ultimate Guard Standard Size - Katana Black 100pc", "sku": "s5", "description": "Protect your cards like a Samurai with Ultimate Guard's Katana sleeves! Honoring the tradition of great Japanese craftmanship, these precision-made, top-of-the-line sleeves are fully opaque, extremely durable and will meet the highest standards of players and collectors alike!\r\n\r\n- 100 sleeves for the protection of standard-sized cards\r\n- Made in Japan\r\n- Extra clear front side\r\n- Fully opaque back side\r\n- For tournament gameplay*\r\n- Extra long lifespan and durability\r\n- Perfect shuffling\r\n- Acid free, no PVC\r\n- Sleeve size: 66 x 91 mm", "price": "12.00", "in_stock": true, "available": "6", "new_arrival": false, "image_url": null, "image": "ultimate_guard_standard_katana_black.jpg"}}, {"model": "products.product", "pk": 79, "fields": {"category": 16, "sub_category": null, "name": "Ultimate Guard Standard Size - Katana Green 100pc", "sku": "s6", "description": "Protect your cards like a Samurai with Ultimate Guard's Katana sleeves! Honoring the tradition of great Japanese craftmanship, these precision-made, top-of-the-line sleeves are fully opaque, extremely durable and will meet the highest standards of players and collectors alike!\r\n\r\n- 100 sleeves for the protection of standard-sized cards\r\n- Made in Japan\r\n- Extra clear front side\r\n- Fully opaque back side\r\n- For tournament gameplay*\r\n- Extra long lifespan and durability\r\n- Perfect shuffling\r\n- Acid free, no PVC\r\n- Sleeve size: 66 x 91 mm", "price": "12.00", "in_stock": true, "available": "4", "new_arrival": false, "image_url": null, "image": "ultimate_guard_standard_katana_green.jpg"}}, {"model": "products.product", "pk": 80, "fields": {"category": 17, "sub_category": null, "name": "9-Pocket Toploaded Pages Silver Series (100pcs)", "sku": "db1", "description": "Ultra PRO Silver Series Pages in nine-pocket style. Archival quality pages that hold standard sized cards with 2-1/2\" X 3-1/2\" dimensions or smaller. Each sheet is transparent on both sides and fits in our standard-size 3-ring albums.\r\n\r\nMade with high-clarity, lightweight, Acid & PVC free material with UV Protection\r\nToploading\r\nMade in the U.S.A.\r\nPre-punched 3-holes", "price": "30.00", "in_stock": true, "available": "8", "new_arrival": false, "image_url": null, "image": "9_pocket_top_silver_100.jpg"}}, {"model": "products.product", "pk": 81, "fields": {"category": 17, "sub_category": null, "name": "9-Pocket Toploaded Pages Silver Series", "sku": "db2", "description": "DESCRIPTION\r\nUltra PRO Silver Series Pages in nine-pocket style. Archival quality pages that hold standard sized cards with 2-1/2\" X 3-1/2\" dimensions or smaller. Each sheet is transparent on both sides and fits in our standard-size 3-ring albums.\r\n\r\nMade with high-clarity, lightweight, Acid & PVC free material with UV Protection\r\nToploading\r\nMade in the U.S.A.\r\nPre-punched 3-holes", "price": "0.50", "in_stock": true, "available": "120", "new_arrival": false, "image_url": null, "image": "9_pocket_top_silver.jpg"}}, {"model": "products.product", "pk": 82, "fields": {"category": 17, "sub_category": null, "name": "Collector Album Black", "sku": "db3", "description": "Collector Album Black\r\nCollector Album Black\r\nRegular Price139,00 kr\r\nUnits\r\n-\r\n1\r\n+\r\nDESCRIPTION\r\nPremium album for standard size pages with collector's themed hot stamp foil on black cover. Reinforced 3\" D-ring with booster for quick loading of pages. Albums include rich foam padding. Constructed with clear indexing slot on the spine for easy organization.\r\n\r\nCollectors album for standard 3-hole pages\r\nReinforced 3 inch D-ring with booster for quick loading\r\nRich foam padding on cover\r\nRated to withstand 10° Fahrenheit to minimize cold cracking\r\nClear indexing slot on spine for easy organization", "price": "13.90", "in_stock": true, "available": "5", "new_arrival": false, "image_url": null, "image": "Collector_Album_Black.jpg"}}, {"model": "products.product", "pk": 83, "fields": {"category": 17, "sub_category": null, "name": "Ultimate Guard 24-Pocket Portfolio Xenoskin Quadrow 480 Black", "sku": "db4", "description": "High quality PLAYSET binder with durable XenoSkin cover and 20 integrated 24-pocket-pages for all standard- and Japanese-sized gaming cards.\r\n\r\n- PLAYSET binder: view and organize your collection in a more suitable way\r\n- 20 pages holding up to 480 double-sleeved cards\r\n- Innovative XenoSkin cover material with anti-slip texture\r\n- Side-loading pockets for increased card protection\r\n- 4-column rows design\r\n- Extra clear 24-Pocket pages\r\n- Archival Safe: acid free, no PVC\r\n- Dimensions: 308 x 320 x 32 mm", "price": "29.90", "in_stock": true, "available": "4", "new_arrival": false, "image_url": null, "image": "ultimate_guard_portfolio_xenoskin_quadrow.jpg"}}, {"model": "products.product", "pk": 84, "fields": {"category": 17, "sub_category": null, "name": "Ultimate Guard 18-Pocket Side-Loading Pages (50) Yellow", "sku": "db5", "description": "High-quality, double-sided pocket pages (9 pockets on each side), that fit in almost any D-Ring-Binder, for storing and displaying up to 18 double-sleeved cards per page.", "price": "25.90", "in_stock": true, "available": "3", "new_arrival": false, "image_url": null, "image": "ultimate_guard_18_pocket_side_loading_yellow.jpg"}}, {"model": "products.product", "pk": 85, "fields": {"category": 17, "sub_category": null, "name": "Ultimate Guard Boulder 100+ Deck Case Clear", "sku": "db6", "description": "Get a good grip on your deck with the Boulder!\r\n\r\nHandy and solid deck case with soft-touch surface and super-easy opening. Holds up to 100 double-sleeved cards.\r\n\r\n- Designed for 100 double-sleeved or 120 single-sleeved standard sized cards in Ultimate Guard Sleeves\r\n- Durable and rigid box\r\n- Soft-touch finish\r\n- Designed to fit into other Ultimate Guard products: Superhive 550+, Arkhive 400+, Flip'n'Tray 100+, Twin Flip'n'Tray 200+\r\n- Secure closure\r\n\r\nTechnical data:\r\n\r\nDimensions approx.: 76 x 75 x 98,5 mm\r\nInterior dimensions approx.: 68,5 x 67,5 x 93 mm", "price": "9.90", "in_stock": true, "available": "6", "new_arrival": false, "image_url": null, "image": "ultimate_guard_boulder_100_deck_case_clear.jpg"}}, {"model": "products.product", "pk": 86, "fields": {"category": 17, "sub_category": null, "name": "Ultimate Guard Deck Case 100+ Black", "sku": "db7", "description": "Accurately shaped, soft polypropylene deck box for the protection and archival safe storage of more than 100 standard-sized cards (e.g. Magic the Gathering™, Pokemon™ and others) double-sleeved.\r\n\r\n- Optimized for double-sleeved cards: Holds up to 100 double-sleeved cards or 120+ single-sleeved cards, standard size.\r\n\r\n- 40% thicker material: Reinforced material, extra sturdy box.\r\n\r\n- Incl. one card divider: Great for indexing your card collection and separating decks from one another. Also available separately in packs of 10 (UGD010080).\r\n\r\n- Write-on strip: Convenient two-line labeling strip that helps you keeping track of your cards and organizing your collection.\r\n\r\n- Durable rigid box: The robust and durable material protects your cards during transport and keeps your collection safe during storage.\r\n\r\n- Acid free - No PVC: This product is completely free of PVC and acidic materials and therefore ideal for collectible cards.\r\n\r\n- Dimensions: 97 x 72 x 79 mm", "price": "3.50", "in_stock": true, "available": "6", "new_arrival": false, "image_url": null, "image": "ultimate_guard_deck_case_100_black.jpg"}}, {"model": "products.product", "pk": 87, "fields": {"category": 17, "sub_category": null, "name": "Ultimate Guard Deck Case 100+ Purple", "sku": "dp8", "description": "Accurately shaped, soft polypropylene deck box for the protection and archival safe storage of more than 100 standard-sized cards (e.g. Magic the Gathering™, Pokemon™ and others) double-sleeved.\r\n\r\n- Optimized for double-sleeved cards: Holds up to 100 double-sleeved cards or 120+ single-sleeved cards, standard size.\r\n\r\n- 40% thicker material: Reinforced material, extra sturdy box.\r\n\r\n- Incl. one card divider: Great for indexing your card collection and separating decks from one another. Also available separately in packs of 10 (UGD010080).\r\n\r\n- Write-on strip: Convenient two-line labeling strip that helps you keeping track of your cards and organizing your collection.\r\n\r\n- Durable rigid box: The robust and durable material protects your cards during transport and keeps your collection safe during storage.\r\n\r\n- Acid free - No PVC: This product is completely free of PVC and acidic materials and therefore ideal for collectible cards.\r\n\r\n- Dimensions: 97 x 72 x 79 mm", "price": "3.50", "in_stock": true, "available": "3", "new_arrival": false, "image_url": null, "image": "ultimate_guard_deck_case_100_purple.jpg"}}, {"model": "products.product", "pk": 88, "fields": {"category": 2, "sub_category": 1, "name": "Magic The Gathering: The Brothers' War Set Booster", "sku": "mc12", "description": "Pre-Release Date: November 11-13, 2022 (Limited amount)\r\nRelease Date: November 18, 2022\r\n\r\nThe Brothers’ War Set Booster Box contains 30 The Brothers’ War Set Boosters. Each Set Booster contains 12 Magic cards, 1 Art Card, and 1 token/ad card or card from “The List” (a special card from Magic's history—found in 25% of packs).\r\n\r\nContents:\r\n\r\n12 Magic: The Gathering cards per booster\r\nBest MTG booster to open just for fun\r\n1–5 cards of rarity Rare or higher in every pack\r\nTraditional Foil card and Art Card in every pack\r\nTravel back in time to command powerful artifacts and giant robots", "price": "6.00", "in_stock": true, "available": "12", "new_arrival": true, "image_url": null, "image": "war_set.jpg"}}, {"model": "checkout.order", "pk": 4, "fields": {"order_number": "FC03D216E95C416F95905ADD89FB34A8", "user_profile": null, "full_name": "test", "email": "test@test.com", "phone_number": "0738161422", "street_address1": "test", "street_address2": null, "postcode": "test", "city": "test", "country": "AM", "date": "2023-03-14T20:45:55.710Z", "delivery_cost": "15.00", "order_total": "27.00", "grand_total": "42.00", "original_cart": "", "stripe_pid": ""}}, {"model": "checkout.order", "pk": 5, "fields": {"order_number": "4A0A8A1CBE384734AB424700F5622710", "user_profile": null, "full_name": "Gustav Näslund", "email": "gurra.naslund@gmail.com", "phone_number": "+46738161422", "street_address1": "Djursnäs Allé 50", "street_address2": null, "postcode": "148 92", "city": "Ösmo", "country": "SE", "date": "2023-03-15T00:43:00.016Z", "delivery_cost": "15.00", "order_total": "27.00", "grand_total": "42.00", "original_cart": "", "stripe_pid": ""}}, {"model": "checkout.order", "pk": 7, "fields": {"order_number": "A458F2BE31C245EA90B290C37301678B", "user_profile": null, "full_name": "test", "email": "test@test.com", "phone_number": "4123434324", "street_address1": "test", "street_address2": "test", "postcode": "test", "city": "tset", "country": "AW", "date": "2023-03-15T09:11:47.501Z", "delivery_cost": "0.00", "order_total": "53.90", "grand_total": "53.90", "original_cart": "{\"33\": 1}", "stripe_pid": "pi_3MlqMNFxabX2icHz1uOE6qFO"}}, {"model": "checkout.order", "pk": 8, "fields": {"order_number": "CF398BE67C1D49D88D89B15461BA6FFE", "user_profile": null, "full_name": "teset", "email": "test@test.com", "phone_number": "543634563", "street_address1": "test", "street_address2": null, "postcode": "test", "city": "test", "country": "AM", "date": "2023-03-15T09:23:46.337Z", "delivery_cost": "0.00", "order_total": "179.40", "grand_total": "179.40", "original_cart": "{\"21\": 6}", "stripe_pid": "pi_3MlqY6FxabX2icHz0zcNOJrj"}}, {"model": "checkout.order", "pk": 9, "fields": {"order_number": "CA03E14A01CD4588AC3AACA1CA871932", "user_profile": 2, "full_name": "Viggo Näslund", "email": "viggo.naslund@gmail.com", "phone_number": "+46738161422", "street_address1": "Backluravägen 38", "street_address2": null, "postcode": "14943", "city": "Nynäshamn", "country": "SE", "date": "2023-03-15T17:13:58.059Z", "delivery_cost": "10.00", "order_total": "17.90", "grand_total": "27.90", "original_cart": "{\"23\": 1}", "stripe_pid": "pi_3MlxsOFxabX2icHz1tlcVfVW"}}, {"model": "checkout.order", "pk": 10, "fields": {"order_number": "52658C24DBBE468189D04BC5016A993C", "user_profile": 2, "full_name": "Viggo Näslund", "email": "viggo.naslund@gmail.com", "phone_number": "+46738161422", "street_address1": "Backluravägen 38", "street_address2": null, "postcode": "14943", "city": "Nynäshamn", "country": "SE", "date": "2023-03-15T18:47:18.443Z", "delivery_cost": "10.00", "order_total": "29.90", "grand_total": "39.90", "original_cart": "{\"26\": 1}", "stripe_pid": "pi_3MlzLeFxabX2icHz19sJyHbW"}}, {"model": "checkout.order", "pk": 11, "fields": {"order_number": "39B4C8280A694D969D145B3FC2729E16", "user_profile": null, "full_name": "Gustav Näslund", "email": "gurra.naslund@gmail.com", "phone_number": "+46738161422", "street_address1": "Djursnäs Allé 50", "street_address2": null, "postcode": "148 92", "city": "Ösmo", "country": "SE", "date": "2023-03-16T07:14:55.800Z", "delivery_cost": "10.00", "order_total": "12.00", "grand_total": "22.00", "original_cart": "{\"1\": 1}", "stripe_pid": "pi_3MmB18FxabX2icHz1iQeAxbj"}}, {"model": "checkout.order", "pk": 12, "fields": {"order_number": "11CF5D1A4D90425D84B600A899FE7C04", "user_profile": null, "full_name": "Gustav Näslund", "email": "gurra.naslund@gmail.com", "phone_number": "+46738161422", "street_address1": "Djursnäs Allé 50", "street_address2": null, "postcode": "148 92", "city": "Ösmo", "country": "SE", "date": "2023-03-16T07:22:25.561Z", "delivery_cost": "10.00", "order_total": "0.00", "grand_total": "10.00", "original_cart": "{\"8\": 1}", "stripe_pid": "pi_3MmB8PFxabX2icHz1gomADg7"}}, {"model": "checkout.order", "pk": 13, "fields": {"order_number": "5AD5BF0A7F1842A190FAB1EDA9775569", "user_profile": 2, "full_name": "Viggo Näslund", "email": "viggo.naslund@gmail.com", "phone_number": "+46738161422", "street_address1": "Backluravägen 38", "street_address2": null, "postcode": "14943", "city": "Nynäshamn", "country": "SE", "date": "2023-03-16T17:14:00.627Z", "delivery_cost": "10.00", "order_total": "36.90", "grand_total": "46.90", "original_cart": "{\"6\": 1}", "stripe_pid": "pi_3MmKN3FxabX2icHz0z98JpwF"}}, {"model": "checkout.order", "pk": 14, "fields": {"order_number": "C7D169CC41F04D16B288F825088127EF", "user_profile": 2, "full_name": "Viggo Näslund", "email": "viggo.naslund@gmail.com", "phone_number": "+46738161422", "street_address1": "Backluravägen 38", "street_address2": null, "postcode": "14943", "city": "Nynäshamn", "country": "SE", "date": "2023-03-16T19:54:39.630Z", "delivery_cost": "10.00", "order_total": "45.00", "grand_total": "55.00", "original_cart": "{\"12\": 1}", "stripe_pid": "pi_3MmMsPFxabX2icHz0hWlvXPu"}}, {"model": "checkout.order", "pk": 15, "fields": {"order_number": "3881ED3278DE4469BF0F998DEC3CE834", "user_profile": 1, "full_name": "Gustav Näslund", "email": "gurra.naslund@gmail.com", "phone_number": "+46738161422", "street_address1": "Djursnäs Allé 50", "street_address2": null, "postcode": "148 92", "city": "Ösmo", "country": "SE", "date": "2023-03-19T07:02:09.083Z", "delivery_cost": "0.00", "order_total": "72.00", "grand_total": "72.00", "original_cart": "{\"1\": 6}", "stripe_pid": "pi_3MnGFZFxabX2icHz0CrZIQI6"}}, {"model": "checkout.orderlineitem", "pk": 2, "fields": {"order": 4, "product": 1, "quantity": 1, "lineitem_total": "12.00"}}, {"model": "checkout.orderlineitem", "pk": 3, "fields": {"order": 4, "product": 46, "quantity": 1, "lineitem_total": "15.00"}}, {"model": "checkout.orderlineitem", "pk": 4, "fields": {"order": 5, "product": 2, "quantity": 3, "lineitem_total": "27.00"}}, {"model": "checkout.orderlineitem", "pk": 6, "fields": {"order": 7, "product": 33, "quantity": 1, "lineitem_total": "53.90"}}, {"model": "checkout.orderlineitem", "pk": 7, "fields": {"order": 8, "product": 21, "quantity": 6, "lineitem_total": "179.40"}}, {"model": "checkout.orderlineitem", "pk": 8, "fields": {"order": 9, "product": 23, "quantity": 1, "lineitem_total": "17.90"}}, {"model": "checkout.orderlineitem", "pk": 9, "fields": {"order": 10, "product": 26, "quantity": 1, "lineitem_total": "29.90"}}, {"model": "checkout.orderlineitem", "pk": 10, "fields": {"order": 11, "product": 1, "quantity": 1, "lineitem_total": "12.00"}}, {"model": "checkout.orderlineitem", "pk": 12, "fields": {"order": 13, "product": 6, "quantity": 1, "lineitem_total": "36.90"}}, {"model": "checkout.orderlineitem", "pk": 13, "fields": {"order": 14, "product": 12, "quantity": 1, "lineitem_total": "45.00"}}, {"model": "checkout.orderlineitem", "pk": 14, "fields": {"order": 15, "product": 1, "quantity": 6, "lineitem_total": "72.00"}}, {"model": "profiles.userprofile", "pk": 1, "fields": {"user": 1, "default_full_name": "Gustav Näslund", "default_street_address1": "Djursnäs Allé 50", "default_street_address2": null, "default_city": "Ösmo", "default_postcode": "148 92", "default_country": "SE", "default_phone_number": "+46738161422"}}, {"model": "profiles.userprofile", "pk": 2, "fields": {"user": 2, "default_full_name": "Viggo Näslund", "default_street_address1": "Backluravägen 38", "default_street_address2": null, "default_city": "Nynäshamn", "default_postcode": "14943", "default_country": "SE", "default_phone_number": "+46738161422"}}, {"model": "rating.rating", "pk": 1, "fields": {"user_profile": 2, "product": 13, "rating": 5, "review_title": "Cool game", "review": "It was really funny, played with my brothers.\r\nThink it was Christmas."}}, {"model": "rating.rating", "pk": 3, "fields": {"user_profile": 1, "product": 16, "rating": 4, "review_title": "Old but classic", "review": "A game every one can play.."}}, {"model": "rating.rating", "pk": 4, "fields": {"user_profile": 1, "product": 22, "rating": 4, "review_title": "Never played", "review": "But think it is cool"}}, {"model": "calender.event", "pk": 4, "fields": {"title": "Azul", "event_image": "Azul_Nordic_v6myoPU.jpg", "description": "This is fun or not", "start_time": "2023-03-19T10:53:00Z", "end_time": "2023-03-19T11:56:00Z"}}, {"model": "calender.event", "pk": 5, "fields": {"title": "Pokemon game time", "event_image": "", "description": "Can you play come and win.\r\nCant you play come and lose", "start_time": "2023-03-28T14:00:00Z", "end_time": "2023-03-28T15:00:00Z"}}, {"model": "calender.event", "pk": 6, "fields": {"title": "Warhammer TIME", "event_image": "", "description": "Paint and build. \r\nThen come and destroy!!", "start_time": "2023-04-03T14:00:00Z", "end_time": "2023-04-03T17:00:00Z"}}, {"model": "calender.event", "pk": 8, "fields": {"title": "Speed painting", "event_image": "", "description": "Can you paint? Then come a try to speed paint with us.", "start_time": "2023-04-08T14:00:00Z", "end_time": "2023-04-08T17:00:00Z"}}, {"model": "calender.event", "pk": 9, "fields": {"title": "New event", "event_image": "carcassonne_board_game.jpg", "description": "Hello", "start_time": "2023-03-24T22:30:00Z", "end_time": "2023-03-24T23:30:00Z"}}, {"model": "calender.event", "pk": 10, "fields": {"title": "Time to play", "event_image": "", "description": "", "start_time": "2023-03-28T22:09:00Z", "end_time": "2023-03-28T23:45:00Z"}}, {"model": "calender.event", "pk": 11, "fields": {"title": "Game time", "event_image": "", "description": "", "start_time": "2023-03-19T17:05:00Z", "end_time": "2023-03-19T18:05:00Z"}}]